name,objectives,schedule,status,update_time,meta,title,subtitle,rationale,domain,progress_start_time,progress_end_time,progress
daily-active-minutes,"MEASURE: active-minutes, TARGET: AT_LEAST(30)",DAILY,ENABLED,2025-08-13 05:31:46+0000,,,,,GOALS,,,
daily-azm,"MEASURE: active-zone-minutes, TARGET: AT_LEAST(22)",DAILY,ENABLED,1970-01-01 00:00:00+0000,,,,,GOALS,,,
daily-bedtime,"MEASURE: bedtime, TARGET: <UNKNOWN>",DAILY,DISABLED,2025-08-13 05:31:46+0000,,,,,GOALS,,,
daily-bedtime,"MEASURE: bedtime, TARGET: <UNKNOWN>",DAILY,ENABLED,2025-08-18 18:14:28+0000,,,,,GOALS,,,
daily-distance,"MEASURE: steps-distance, TARGET: AT_LEAST(8046720)",DAILY,ENABLED,2025-08-13 05:31:46+0000,,,,,GOALS,,,
daily-energy-burned,"MEASURE: energy-burned, TARGET: AT_LEAST(2387)",DAILY,ENABLED,2025-08-13 05:31:46+0000,,,,,GOALS,,,
daily-floors,"MEASURE: floors-count, TARGET: AT_LEAST(10)",DAILY,ENABLED,2025-08-13 05:31:46+0000,,,,,GOALS,,,
daily-sleep-duration,"MEASURE: sleep-duration, TARGET: AT_LEAST(25200)",DAILY,ENABLED,2025-08-18 18:14:22+0000,,,,,GOALS,,,
daily-sleep-duration,"MEASURE: sleep-duration, TARGET: AT_LEAST(28800)",DAILY,ENABLED,2025-08-13 05:31:46+0000,,,,,GOALS,,,
daily-steps,"MEASURE: steps-count, TARGET: AT_LEAST(10000)",DAILY,ENABLED,2025-08-13 05:31:46+0000,,,,,GOALS,,,
daily-wake-time,"MEASURE: wake-time, TARGET: <UNKNOWN>",DAILY,DISABLED,2025-08-13 05:31:46+0000,,,,,GOALS,,,
daily-water-consumed,"MEASURE: water-consumed-ml, TARGET: AT_LEAST(1893)",DAILY,ENABLED,2025-08-13 05:31:46+0000,,,,,GOALS,,,
target-cardio-load,"MEASURE: CARDIO_LOAD, TARGET: BETWEEN(1, 11)",2026-01-10 00:00:00 - 2026-01-11 00:00:00,ENABLED,2026-01-10 18:56:06+0000,,,,,GOALS,,,
target-cardio-load,"MEASURE: CARDIO_LOAD, TARGET: BETWEEN(1, 11)",2026-01-10 00:00:00 - 2026-01-11 00:00:00,ENABLED,2026-01-10 18:56:10+0000,,,,,GOALS,,,
target-cardio-load,"MEASURE: CARDIO_LOAD, TARGET: BETWEEN(1, 12)",2026-01-11 00:00:00 - 2026-01-12 00:00:00,ENABLED,2026-01-13 06:03:43+0000,,,,,GOALS,,,
target-cardio-load,"MEASURE: CARDIO_LOAD, TARGET: BETWEEN(1, 12)",2026-01-11 00:00:00 - 2026-01-12 00:00:00,ENABLED,2026-01-13 06:03:46+0000,,,,,GOALS,,,
target-cardio-load,"MEASURE: CARDIO_LOAD, TARGET: BETWEEN(1, 12)",2026-01-12 00:00:00 - 2026-01-13 00:00:00,ENABLED,2026-01-13 06:03:39+0000,,,,,GOALS,,,
target-cardio-load,"MEASURE: CARDIO_LOAD, TARGET: BETWEEN(1, 14)",2026-01-13 00:00:00 - 2026-01-14 00:00:00,ENABLED,2026-01-13 08:25:32+0000,,,,,GOALS,,,
target-cardio-load,"MEASURE: CARDIO_LOAD, TARGET: BETWEEN(1, 14)",2026-01-13 00:00:00 - 2026-01-14 00:00:00,ENABLED,2026-01-13 16:30:34+0000,,,,,GOALS,,,
target-cardio-load,"MEASURE: CARDIO_LOAD, TARGET: BETWEEN(1, 14)",2026-01-14 00:00:00 - 2026-01-15 00:00:00,ENABLED,2026-01-14 15:14:40+0000,,,,,GOALS,,,
target-cardio-load,"MEASURE: CARDIO_LOAD, TARGET: BETWEEN(1, 14)",2026-01-15 00:00:00 - 2026-01-16 00:00:00,ENABLED,2026-01-15 16:44:33+0000,,,,,GOALS,,,
target-cardio-load,"MEASURE: CARDIO_LOAD, TARGET: BETWEEN(1, 14)",2026-01-15 00:00:00 - 2026-01-16 00:00:00,ENABLED,2026-01-15 16:44:38+0000,,,,,GOALS,,,
target-cardio-load,"MEASURE: CARDIO_LOAD, TARGET: BETWEEN(1, 14)",2026-01-16 00:00:00 - 2026-01-17 00:00:00,ENABLED,2026-01-16 08:20:56+0000,,,,,GOALS,,,
target-cardio-load,"MEASURE: CARDIO_LOAD, TARGET: BETWEEN(1, 14)",2026-01-16 00:00:00 - 2026-01-17 00:00:00,ENABLED,2026-01-16 16:16:02+0000,,,,,GOALS,,,
target-cardio-load,"MEASURE: CARDIO_LOAD, TARGET: BETWEEN(1, 14)",2026-01-17 00:00:00 - 2026-01-18 00:00:00,ENABLED,2026-01-17 08:52:19+0000,,,,,GOALS,,,
target-cardio-load,"MEASURE: CARDIO_LOAD, TARGET: BETWEEN(1, 14)",2026-01-17 00:00:00 - 2026-01-18 00:00:00,ENABLED,2026-01-17 16:20:50+0000,,,,,GOALS,,,
target-cardio-load,"MEASURE: CARDIO_LOAD, TARGET: BETWEEN(1, 14)",2026-01-18 00:00:00 - 2026-01-19 00:00:00,ENABLED,2026-01-18 08:25:07+0000,,,,,GOALS,,,
target-cardio-load,"MEASURE: CARDIO_LOAD, TARGET: BETWEEN(1, 14)",2026-01-19 00:00:00 - 2026-01-20 00:00:00,ENABLED,2026-01-19 08:18:23+0000,,,,,GOALS,,,
target-cardio-load,"MEASURE: CARDIO_LOAD, TARGET: BETWEEN(1, 14)",2026-01-19 00:00:00 - 2026-01-20 00:00:00,ENABLED,2026-01-19 13:52:43+0000,,,,,GOALS,,,
target-cardio-load,"MEASURE: CARDIO_LOAD, TARGET: BETWEEN(1, 14)",2026-01-22 00:00:00 - 2026-01-23 00:00:00,ENABLED,2026-01-22 08:24:08+0000,,,,,GOALS,,,
target-cardio-load,"MEASURE: CARDIO_LOAD, TARGET: BETWEEN(1, 14)",2026-01-22 00:00:00 - 2026-01-23 00:00:00,ENABLED,2026-01-22 17:11:15+0000,,,,,GOALS,,,
target-cardio-load,"MEASURE: CARDIO_LOAD, TARGET: BETWEEN(1, 15)",2026-01-23 00:00:00 - 2026-01-24 00:00:00,ENABLED,2026-01-23 08:27:38+0000,,,,,GOALS,,,
target-cardio-load,"MEASURE: CARDIO_LOAD, TARGET: BETWEEN(1, 15)",2026-01-23 00:00:00 - 2026-01-24 00:00:00,ENABLED,2026-01-23 17:24:24+0000,,,,,GOALS,,,
target-cardio-load,"MEASURE: CARDIO_LOAD, TARGET: BETWEEN(1, 18)",2026-02-21 00:00:00 - 2026-02-22 00:00:00,ENABLED,2026-02-21 17:58:46+0000,,,,,GOALS,,,
target-cardio-load,"MEASURE: CARDIO_LOAD, TARGET: BETWEEN(1, 21)",2026-01-12 00:00:00 - 2026-01-13 00:00:00,ENABLED,2026-01-13 06:03:46+0000,,,,,GOALS,,,
target-cardio-load,"MEASURE: CARDIO_LOAD, TARGET: BETWEEN(1, 21)",2026-01-18 00:00:00 - 2026-01-19 00:00:00,ENABLED,2026-01-18 15:47:41+0000,,,,,GOALS,,,
target-cardio-load,"MEASURE: CARDIO_LOAD, TARGET: BETWEEN(1, 21)",2026-01-20 00:00:00 - 2026-01-21 00:00:00,ENABLED,2026-01-20 17:07:45+0000,,,,,GOALS,,,
target-cardio-load,"MEASURE: CARDIO_LOAD, TARGET: BETWEEN(1, 22)",2026-01-27 00:00:00 - 2026-01-28 00:00:00,ENABLED,2026-01-27 08:22:36+0000,,,,,GOALS,,,
target-cardio-load,"MEASURE: CARDIO_LOAD, TARGET: BETWEEN(1, 22)",2026-01-27 00:00:00 - 2026-01-28 00:00:00,ENABLED,2026-01-27 17:26:36+0000,,,,,GOALS,,,
target-cardio-load,"MEASURE: CARDIO_LOAD, TARGET: BETWEEN(1, 22)",2026-01-28 00:00:00 - 2026-01-29 00:00:00,ENABLED,2026-01-28 08:21:59+0000,,,,,GOALS,,,
target-cardio-load,"MEASURE: CARDIO_LOAD, TARGET: BETWEEN(1, 22)",2026-01-28 00:00:00 - 2026-01-29 00:00:00,ENABLED,2026-01-28 17:24:12+0000,,,,,GOALS,,,
target-cardio-load,"MEASURE: CARDIO_LOAD, TARGET: BETWEEN(1, 39)",2025-09-27 00:00:00 - 2025-09-28 00:00:00,ENABLED,2025-09-27 15:55:18+0000,,,,,GOALS,,,
target-cardio-load,"MEASURE: CARDIO_LOAD, TARGET: BETWEEN(1, 43)",2025-09-22 00:00:00 - 2025-09-23 00:00:00,ENABLED,2025-09-22 11:58:22+0000,,,,,GOALS,,,
target-cardio-load,"MEASURE: CARDIO_LOAD, TARGET: BETWEEN(1, 43)",2025-09-24 00:00:00 - 2025-09-25 00:00:00,ENABLED,2025-09-24 17:26:29+0000,,,,,GOALS,,,
target-cardio-load,"MEASURE: CARDIO_LOAD, TARGET: BETWEEN(1, 50)",2025-08-22 00:00:00 - 2025-08-23 00:00:00,ENABLED,2025-08-22 15:16:25+0000,,,,,GOALS,,,
target-cardio-load,"MEASURE: CARDIO_LOAD, TARGET: BETWEEN(1, 57)",2025-09-26 00:00:00 - 2025-09-27 00:00:00,ENABLED,2025-09-27 01:44:03+0000,,,,,GOALS,,,
target-cardio-load,"MEASURE: CARDIO_LOAD, TARGET: BETWEEN(1, 59)",2025-11-15 00:00:00 - 2025-11-16 00:00:00,ENABLED,2025-11-17 03:45:50+0000,,,,,GOALS,,,
target-cardio-load,"MEASURE: CARDIO_LOAD, TARGET: BETWEEN(1, 6)",2026-01-07 00:00:00 - 2026-01-08 00:00:00,ENABLED,2026-01-07 08:16:00+0000,,,,,GOALS,,,
target-cardio-load,"MEASURE: CARDIO_LOAD, TARGET: BETWEEN(1, 6)",2026-01-07 00:00:00 - 2026-01-08 00:00:00,ENABLED,2026-01-07 16:01:47+0000,,,,,GOALS,,,
target-cardio-load,"MEASURE: CARDIO_LOAD, TARGET: BETWEEN(1, 6)",2026-01-08 00:00:00 - 2026-01-09 00:00:00,ENABLED,2026-01-08 08:24:47+0000,,,,,GOALS,,,
target-cardio-load,"MEASURE: CARDIO_LOAD, TARGET: BETWEEN(1, 6)",2026-01-08 00:00:00 - 2026-01-09 00:00:00,ENABLED,2026-01-08 16:39:59+0000,,,,,GOALS,,,
target-cardio-load,"MEASURE: CARDIO_LOAD, TARGET: BETWEEN(1, 67)",2025-11-22 00:00:00 - 2025-11-23 00:00:00,ENABLED,2025-11-22 19:36:39+0000,,,,,GOALS,,,
target-cardio-load,"MEASURE: CARDIO_LOAD, TARGET: BETWEEN(1, 67)",2025-11-23 00:00:00 - 2025-11-24 00:00:00,ENABLED,2025-11-23 19:21:10+0000,,,,,GOALS,,,
target-cardio-load,"MEASURE: CARDIO_LOAD, TARGET: BETWEEN(1, 7)",2025-12-26 00:00:00 - 2025-12-27 00:00:00,ENABLED,2025-12-28 16:40:01+0000,,,,,GOALS,,,
target-cardio-load,"MEASURE: CARDIO_LOAD, TARGET: BETWEEN(1, 8)",2026-01-09 00:00:00 - 2026-01-10 00:00:00,ENABLED,2026-01-09 08:29:54+0000,,,,,GOALS,,,
target-cardio-load,"MEASURE: CARDIO_LOAD, TARGET: BETWEEN(1, 8)",2026-01-09 00:00:00 - 2026-01-10 00:00:00,ENABLED,2026-01-09 17:08:42+0000,,,,,GOALS,,,
target-cardio-load,"MEASURE: CARDIO_LOAD, TARGET: BETWEEN(1, 9)",2026-01-03 00:00:00 - 2026-01-04 00:00:00,ENABLED,2026-01-03 17:58:03+0000,,,,,GOALS,,,
target-cardio-load,"MEASURE: CARDIO_LOAD, TARGET: BETWEEN(1, 95)",2025-10-25 00:00:00 - 2025-10-26 00:00:00,ENABLED,2025-10-25 15:03:25+0000,,,,,GOALS,,,
target-cardio-load,"MEASURE: CARDIO_LOAD, TARGET: BETWEEN(10, 48)",2025-11-22 00:00:00 - 2025-11-23 00:00:00,ENABLED,2025-11-22 08:29:26+0000,,,,,GOALS,,,
target-cardio-load,"MEASURE: CARDIO_LOAD, TARGET: BETWEEN(10, 51)",2025-11-20 00:00:00 - 2025-11-21 00:00:00,ENABLED,2025-11-21 19:04:44+0000,,,,,GOALS,,,
target-cardio-load,"MEASURE: CARDIO_LOAD, TARGET: BETWEEN(10, 51)",2025-11-20 00:00:00 - 2025-11-21 00:00:00,ENABLED,2025-11-21 19:04:55+0000,,,,,GOALS,,,
target-cardio-load,"MEASURE: CARDIO_LOAD, TARGET: BETWEEN(10, 61)",2025-11-21 00:00:00 - 2025-11-22 00:00:00,ENABLED,2025-11-21 19:04:44+0000,,,,,GOALS,,,
target-cardio-load,"MEASURE: CARDIO_LOAD, TARGET: BETWEEN(10, 61)",2025-11-21 00:00:00 - 2025-11-22 00:00:00,ENABLED,2025-11-21 19:04:56+0000,,,,,GOALS,,,
target-cardio-load,"MEASURE: CARDIO_LOAD, TARGET: BETWEEN(10, 69)",2025-10-15 00:00:00 - 2025-10-16 00:00:00,ENABLED,2025-10-15 07:29:25+0000,,,,,GOALS,,,
target-cardio-load,"MEASURE: CARDIO_LOAD, TARGET: BETWEEN(10, 69)",2025-10-15 00:00:00 - 2025-10-16 00:00:00,ENABLED,2025-10-15 14:39:24+0000,,,,,GOALS,,,
target-cardio-load,"MEASURE: CARDIO_LOAD, TARGET: BETWEEN(103, 145)",2025-09-02 00:00:00 - 2025-09-03 00:00:00,ENABLED,2025-09-03 15:37:47+0000,,,,,GOALS,,,
target-cardio-load,"MEASURE: CARDIO_LOAD, TARGET: BETWEEN(108, 153)",2025-08-26 00:00:00 - 2025-08-27 00:00:00,ENABLED,2025-08-26 16:57:51+0000,,,,,GOALS,,,
target-cardio-load,"MEASURE: CARDIO_LOAD, TARGET: BETWEEN(108, 157)",2025-11-03 00:00:00 - 2025-11-04 00:00:00,ENABLED,2025-11-03 08:22:42+0000,,,,,GOALS,,,
target-cardio-load,"MEASURE: CARDIO_LOAD, TARGET: BETWEEN(108, 157)",2025-11-03 00:00:00 - 2025-11-04 00:00:00,ENABLED,2025-11-03 15:30:42+0000,,,,,GOALS,,,
target-cardio-load,"MEASURE: CARDIO_LOAD, TARGET: BETWEEN(109, 136)",2025-09-13 00:00:00 - 2025-09-14 00:00:00,ENABLED,2025-09-13 07:26:22+0000,,,,,GOALS,,,
target-cardio-load,"MEASURE: CARDIO_LOAD, TARGET: BETWEEN(109, 136)",2025-09-13 00:00:00 - 2025-09-14 00:00:00,ENABLED,2025-09-13 15:51:06+0000,,,,,GOALS,,,
target-cardio-load,"MEASURE: CARDIO_LOAD, TARGET: BETWEEN(11, 48)",2025-11-12 00:00:00 - 2025-11-13 00:00:00,ENABLED,2025-11-12 08:19:47+0000,,,,,GOALS,,,
target-cardio-load,"MEASURE: CARDIO_LOAD, TARGET: BETWEEN(11, 48)",2025-11-12 00:00:00 - 2025-11-13 00:00:00,ENABLED,2025-11-12 16:07:26+0000,,,,,GOALS,,,
target-cardio-load,"MEASURE: CARDIO_LOAD, TARGET: BETWEEN(110, 161)",2025-11-02 00:00:00 - 2025-11-03 00:00:00,ENABLED,2025-11-02 07:26:55+0000,,,,,GOALS,,,
target-cardio-load,"MEASURE: CARDIO_LOAD, TARGET: BETWEEN(110, 161)",2025-11-02 00:00:00 - 2025-11-03 00:00:00,ENABLED,2025-11-02 14:54:52+0000,,,,,GOALS,,,
target-cardio-load,"MEASURE: CARDIO_LOAD, TARGET: BETWEEN(111, 166)",2025-10-31 00:00:00 - 2025-11-01 00:00:00,ENABLED,2025-10-31 07:18:33+0000,,,,,GOALS,,,
target-cardio-load,"MEASURE: CARDIO_LOAD, TARGET: BETWEEN(111, 166)",2025-10-31 00:00:00 - 2025-11-01 00:00:00,ENABLED,2025-10-31 15:44:58+0000,,,,,GOALS,,,
target-cardio-load,"MEASURE: CARDIO_LOAD, TARGET: BETWEEN(111, 167)",2025-11-01 00:00:00 - 2025-11-02 00:00:00,ENABLED,2025-11-02 06:11:12+0000,,,,,GOALS,,,
target-cardio-load,"MEASURE: CARDIO_LOAD, TARGET: BETWEEN(111, 167)",2025-11-01 00:00:00 - 2025-11-02 00:00:00,ENABLED,2025-11-02 06:11:22+0000,,,,,GOALS,,,
target-cardio-load,"MEASURE: CARDIO_LOAD, TARGET: BETWEEN(111, 172)",2025-10-18 00:00:00 - 2025-10-19 00:00:00,ENABLED,2025-10-18 07:27:28+0000,,,,,GOALS,,,
target-cardio-load,"MEASURE: CARDIO_LOAD, TARGET: BETWEEN(111, 172)",2025-10-18 00:00:00 - 2025-10-19 00:00:00,ENABLED,2025-10-18 14:07:22+0000,,,,,GOALS,,,
target-cardio-load,"MEASURE: CARDIO_LOAD, TARGET: BETWEEN(115, 163)",2025-08-21 00:00:00 - 2025-08-22 00:00:00,ENABLED,2025-08-21 14:57:19+0000,,,,,GOALS,,,
target-cardio-load,"MEASURE: CARDIO_LOAD, TARGET: BETWEEN(115, 163)",2025-08-24 00:00:00 - 2025-08-25 00:00:00,ENABLED,2025-08-24 15:59:25+0000,,,,,GOALS,,,
target-cardio-load,"MEASURE: CARDIO_LOAD, TARGET: BETWEEN(119, 171)",2025-11-08 00:00:00 - 2025-11-09 00:00:00,ENABLED,2025-11-09 19:22:51+0000,,,,,GOALS,,,
target-cardio-load,"MEASURE: CARDIO_LOAD, TARGET: BETWEEN(119, 171)",2025-11-08 00:00:00 - 2025-11-09 00:00:00,ENABLED,2025-11-09 19:22:52+0000,,,,,GOALS,,,
target-cardio-load,"MEASURE: CARDIO_LOAD, TARGET: BETWEEN(119, 171)",2025-11-08 00:00:00 - 2025-11-09 00:00:00,ENABLED,2025-11-09 19:23:01+0000,,,,,GOALS,,,
target-cardio-load,"MEASURE: CARDIO_LOAD, TARGET: BETWEEN(119, 177)",2025-08-27 00:00:00 - 2025-08-28 00:00:00,ENABLED,2025-08-27 16:04:14+0000,,,,,GOALS,,,
target-cardio-load,"MEASURE: CARDIO_LOAD, TARGET: BETWEEN(12, 17)",2026-01-06 00:00:00 - 2026-01-07 00:00:00,ENABLED,2026-01-06 08:27:50+0000,,,,,GOALS,,,
target-cardio-load,"MEASURE: CARDIO_LOAD, TARGET: BETWEEN(12, 17)",2026-01-06 00:00:00 - 2026-01-07 00:00:00,ENABLED,2026-01-06 15:39:14+0000,,,,,GOALS,,,
target-cardio-load,"MEASURE: CARDIO_LOAD, TARGET: BETWEEN(12, 54)",2025-11-13 00:00:00 - 2025-11-14 00:00:00,ENABLED,2025-11-14 04:57:26+0000,,,,,GOALS,,,
target-cardio-load,"MEASURE: CARDIO_LOAD, TARGET: BETWEEN(120, 165)",2025-11-15 00:00:00 - 2025-11-16 00:00:00,ENABLED,2025-11-17 03:45:40+0000,,,,,GOALS,,,
target-cardio-load,"MEASURE: CARDIO_LOAD, TARGET: BETWEEN(120, 165)",2025-11-15 00:00:00 - 2025-11-16 00:00:00,ENABLED,2025-11-17 03:45:40+0000,,,,,GOALS,,,
target-cardio-load,"MEASURE: CARDIO_LOAD, TARGET: BETWEEN(121, 167)",2025-11-24 00:00:00 - 2025-11-25 00:00:00,ENABLED,2025-11-24 08:17:19+0000,,,,,GOALS,,,
target-cardio-load,"MEASURE: CARDIO_LOAD, TARGET: BETWEEN(121, 167)",2025-11-24 00:00:00 - 2025-11-25 00:00:00,ENABLED,2025-11-24 17:07:24+0000,,,,,GOALS,,,
target-cardio-load,"MEASURE: CARDIO_LOAD, TARGET: BETWEEN(121, 169)",2025-08-29 00:00:00 - 2025-08-30 00:00:00,ENABLED,2025-08-29 15:45:49+0000,,,,,GOALS,,,
target-cardio-load,"MEASURE: CARDIO_LOAD, TARGET: BETWEEN(122, 187)",2025-11-16 00:00:00 - 2025-11-17 00:00:00,ENABLED,2025-11-17 03:45:38+0000,,,,,GOALS,,,
target-cardio-load,"MEASURE: CARDIO_LOAD, TARGET: BETWEEN(122, 187)",2025-11-16 00:00:00 - 2025-11-17 00:00:00,ENABLED,2025-11-17 03:45:52+0000,,,,,GOALS,,,
target-cardio-load,"MEASURE: CARDIO_LOAD, TARGET: BETWEEN(13, 44)",2025-11-10 00:00:00 - 2025-11-11 00:00:00,ENABLED,2025-11-10 08:19:44+0000,,,,,GOALS,,,
target-cardio-load,"MEASURE: CARDIO_LOAD, TARGET: BETWEEN(13, 44)",2025-11-10 00:00:00 - 2025-11-11 00:00:00,ENABLED,2025-11-10 15:44:58+0000,,,,,GOALS,,,
target-cardio-load,"MEASURE: CARDIO_LOAD, TARGET: BETWEEN(13, 44)",2025-11-10 00:00:00 - 2025-11-11 00:00:00,ENABLED,2025-11-10 17:36:20+0000,,,,,GOALS,,,
target-cardio-load,"MEASURE: CARDIO_LOAD, TARGET: BETWEEN(13, 44)",2025-11-10 00:00:00 - 2025-11-11 00:00:00,ENABLED,2025-11-10 17:36:22+0000,,,,,GOALS,,,
target-cardio-load,"MEASURE: CARDIO_LOAD, TARGET: BETWEEN(13, 44)",2025-11-10 00:00:00 - 2025-11-11 00:00:00,ENABLED,2025-11-10 17:36:22+0000,,,,,GOALS,,,
target-cardio-load,"MEASURE: CARDIO_LOAD, TARGET: BETWEEN(13, 44)",2025-11-11 00:00:00 - 2025-11-12 00:00:00,ENABLED,2025-11-11 08:21:24+0000,,,,,GOALS,,,
target-cardio-load,"MEASURE: CARDIO_LOAD, TARGET: BETWEEN(13, 44)",2025-11-11 00:00:00 - 2025-11-12 00:00:00,ENABLED,2025-11-11 12:45:23+0000,,,,,GOALS,,,
target-cardio-load,"MEASURE: CARDIO_LOAD, TARGET: BETWEEN(13, 44)",2025-11-11 00:00:00 - 2025-11-12 00:00:00,ENABLED,2025-11-11 15:49:09+0000,,,,,GOALS,,,
target-cardio-load,"MEASURE: CARDIO_LOAD, TARGET: BETWEEN(13, 44)",2025-11-11 00:00:00 - 2025-11-12 00:00:00,ENABLED,2025-11-11 15:49:09+0000,,,,,GOALS,,,
target-cardio-load,"MEASURE: CARDIO_LOAD, TARGET: BETWEEN(13, 44)",2025-11-11 00:00:00 - 2025-11-12 00:00:00,ENABLED,2025-11-11 15:49:10+0000,,,,,GOALS,,,
target-cardio-load,"MEASURE: CARDIO_LOAD, TARGET: BETWEEN(130, 202)",2025-09-06 00:00:00 - 2025-09-07 00:00:00,ENABLED,2025-09-07 20:23:34+0000,,,,,GOALS,,,
target-cardio-load,"MEASURE: CARDIO_LOAD, TARGET: BETWEEN(130, 202)",2025-09-07 00:00:00 - 2025-09-08 00:00:00,ENABLED,2025-09-07 20:23:31+0000,,,,,GOALS,,,
target-cardio-load,"MEASURE: CARDIO_LOAD, TARGET: BETWEEN(130, 202)",2025-09-08 00:00:00 - 2025-09-09 00:00:00,ENABLED,2025-09-08 15:36:34+0000,,,,,GOALS,,,
target-cardio-load,"MEASURE: CARDIO_LOAD, TARGET: BETWEEN(130, 202)",2025-09-09 00:00:00 - 2025-09-10 00:00:00,ENABLED,2025-09-09 07:17:52+0000,,,,,GOALS,,,
target-cardio-load,"MEASURE: CARDIO_LOAD, TARGET: BETWEEN(130, 202)",2025-09-09 00:00:00 - 2025-09-10 00:00:00,ENABLED,2025-09-09 15:15:05+0000,,,,,GOALS,,,
target-cardio-load,"MEASURE: CARDIO_LOAD, TARGET: BETWEEN(130, 202)",2025-09-10 00:00:00 - 2025-09-11 00:00:00,ENABLED,2025-09-10 07:15:41+0000,,,,,GOALS,,,
target-cardio-load,"MEASURE: CARDIO_LOAD, TARGET: BETWEEN(130, 202)",2025-09-10 00:00:00 - 2025-09-11 00:00:00,ENABLED,2025-09-10 15:31:02+0000,,,,,GOALS,,,
target-cardio-load,"MEASURE: CARDIO_LOAD, TARGET: BETWEEN(130, 202)",2025-09-11 00:00:00 - 2025-09-12 00:00:00,ENABLED,2025-09-11 07:30:25+0000,,,,,GOALS,,,
target-cardio-load,"MEASURE: CARDIO_LOAD, TARGET: BETWEEN(130, 202)",2025-09-11 00:00:00 - 2025-09-12 00:00:00,ENABLED,2025-09-11 14:29:14+0000,,,,,GOALS,,,
target-cardio-load,"MEASURE: CARDIO_LOAD, TARGET: BETWEEN(131, 202)",2025-09-03 00:00:00 - 2025-09-04 00:00:00,ENABLED,2025-09-03 15:37:46+0000,,,,,GOALS,,,
target-cardio-load,"MEASURE: CARDIO_LOAD, TARGET: BETWEEN(131, 202)",2025-09-04 00:00:00 - 2025-09-05 00:00:00,ENABLED,2025-09-04 15:01:18+0000,,,,,GOALS,,,
target-cardio-load,"MEASURE: CARDIO_LOAD, TARGET: BETWEEN(131, 202)",2025-09-05 00:00:00 - 2025-09-06 00:00:00,ENABLED,2025-09-07 20:23:32+0000,,,,,GOALS,,,
target-cardio-load,"MEASURE: CARDIO_LOAD, TARGET: BETWEEN(134, 181)",2025-11-18 00:00:00 - 2025-11-19 00:00:00,ENABLED,2025-11-18 08:24:48+0000,,,,,GOALS,,,
target-cardio-load,"MEASURE: CARDIO_LOAD, TARGET: BETWEEN(134, 181)",2025-11-18 00:00:00 - 2025-11-19 00:00:00,ENABLED,2025-11-18 15:59:19+0000,,,,,GOALS,,,
target-cardio-load,"MEASURE: CARDIO_LOAD, TARGET: BETWEEN(135, 209)",2025-11-28 00:00:00 - 2025-11-29 00:00:00,ENABLED,2025-11-28 08:22:49+0000,,,,,GOALS,,,
target-cardio-load,"MEASURE: CARDIO_LOAD, TARGET: BETWEEN(135, 209)",2025-11-28 00:00:00 - 2025-11-29 00:00:00,ENABLED,2025-11-28 16:52:56+0000,,,,,GOALS,,,
target-cardio-load,"MEASURE: CARDIO_LOAD, TARGET: BETWEEN(135, 209)",2025-11-29 00:00:00 - 2025-11-30 00:00:00,ENABLED,2025-11-29 17:19:27+0000,,,,,GOALS,,,
target-cardio-load,"MEASURE: CARDIO_LOAD, TARGET: BETWEEN(135, 209)",2025-11-29 00:00:00 - 2025-11-30 00:00:00,ENABLED,2025-11-29 17:19:30+0000,,,,,GOALS,,,
target-cardio-load,"MEASURE: CARDIO_LOAD, TARGET: BETWEEN(136, 208)",2025-11-25 00:00:00 - 2025-11-26 00:00:00,ENABLED,2025-11-25 08:28:42+0000,,,,,GOALS,,,
target-cardio-load,"MEASURE: CARDIO_LOAD, TARGET: BETWEEN(136, 208)",2025-11-25 00:00:00 - 2025-11-26 00:00:00,ENABLED,2025-11-25 15:42:54+0000,,,,,GOALS,,,
target-cardio-load,"MEASURE: CARDIO_LOAD, TARGET: BETWEEN(136, 208)",2025-11-26 00:00:00 - 2025-11-27 00:00:00,ENABLED,2025-11-26 08:23:34+0000,,,,,GOALS,,,
target-cardio-load,"MEASURE: CARDIO_LOAD, TARGET: BETWEEN(136, 208)",2025-11-26 00:00:00 - 2025-11-27 00:00:00,ENABLED,2025-11-26 15:00:29+0000,,,,,GOALS,,,
target-cardio-load,"MEASURE: CARDIO_LOAD, TARGET: BETWEEN(136, 208)",2025-11-26 00:00:00 - 2025-11-27 00:00:00,ENABLED,2025-11-26 15:00:30+0000,,,,,GOALS,,,
target-cardio-load,"MEASURE: CARDIO_LOAD, TARGET: BETWEEN(136, 208)",2025-11-26 00:00:00 - 2025-11-27 00:00:00,ENABLED,2025-11-26 15:22:01+0000,,,,,GOALS,,,
target-cardio-load,"MEASURE: CARDIO_LOAD, TARGET: BETWEEN(136, 208)",2025-11-26 00:00:00 - 2025-11-27 00:00:00,ENABLED,2025-11-26 15:28:40+0000,,,,,GOALS,,,
target-cardio-load,"MEASURE: CARDIO_LOAD, TARGET: BETWEEN(136, 208)",2025-11-26 00:00:00 - 2025-11-27 00:00:00,ENABLED,2025-11-26 15:43:46+0000,,,,,GOALS,,,
target-cardio-load,"MEASURE: CARDIO_LOAD, TARGET: BETWEEN(136, 208)",2025-11-26 00:00:00 - 2025-11-27 00:00:00,ENABLED,2025-11-26 15:52:29+0000,,,,,GOALS,,,
target-cardio-load,"MEASURE: CARDIO_LOAD, TARGET: BETWEEN(136, 208)",2025-11-26 00:00:00 - 2025-11-27 00:00:00,ENABLED,2025-11-26 16:07:43+0000,,,,,GOALS,,,
target-cardio-load,"MEASURE: CARDIO_LOAD, TARGET: BETWEEN(136, 208)",2025-11-26 00:00:00 - 2025-11-27 00:00:00,ENABLED,2025-11-26 16:23:11+0000,,,,,GOALS,,,
target-cardio-load,"MEASURE: CARDIO_LOAD, TARGET: BETWEEN(136, 208)",2025-11-26 00:00:00 - 2025-11-27 00:00:00,ENABLED,2025-11-26 16:38:25+0000,,,,,GOALS,,,
target-cardio-load,"MEASURE: CARDIO_LOAD, TARGET: BETWEEN(136, 208)",2025-11-26 00:00:00 - 2025-11-27 00:00:00,ENABLED,2025-11-26 16:53:31+0000,,,,,GOALS,,,
target-cardio-load,"MEASURE: CARDIO_LOAD, TARGET: BETWEEN(136, 208)",2025-11-26 00:00:00 - 2025-11-27 00:00:00,ENABLED,2025-11-26 17:08:41+0000,,,,,GOALS,,,
target-cardio-load,"MEASURE: CARDIO_LOAD, TARGET: BETWEEN(136, 208)",2025-11-26 00:00:00 - 2025-11-27 00:00:00,ENABLED,2025-11-26 17:23:49+0000,,,,,GOALS,,,
target-cardio-load,"MEASURE: CARDIO_LOAD, TARGET: BETWEEN(136, 208)",2025-11-26 00:00:00 - 2025-11-27 00:00:00,ENABLED,2025-11-26 17:39:01+0000,,,,,GOALS,,,
target-cardio-load,"MEASURE: CARDIO_LOAD, TARGET: BETWEEN(136, 208)",2025-11-26 00:00:00 - 2025-11-27 00:00:00,ENABLED,2025-11-26 17:54:10+0000,,,,,GOALS,,,
target-cardio-load,"MEASURE: CARDIO_LOAD, TARGET: BETWEEN(136, 208)",2025-11-26 00:00:00 - 2025-11-27 00:00:00,ENABLED,2025-11-26 18:09:17+0000,,,,,GOALS,,,
target-cardio-load,"MEASURE: CARDIO_LOAD, TARGET: BETWEEN(136, 208)",2025-11-26 00:00:00 - 2025-11-27 00:00:00,ENABLED,2025-11-26 18:24:25+0000,,,,,GOALS,,,
target-cardio-load,"MEASURE: CARDIO_LOAD, TARGET: BETWEEN(136, 208)",2025-11-26 00:00:00 - 2025-11-27 00:00:00,ENABLED,2025-11-26 18:39:35+0000,,,,,GOALS,,,
target-cardio-load,"MEASURE: CARDIO_LOAD, TARGET: BETWEEN(136, 208)",2025-11-26 00:00:00 - 2025-11-27 00:00:00,ENABLED,2025-11-26 18:54:41+0000,,,,,GOALS,,,
target-cardio-load,"MEASURE: CARDIO_LOAD, TARGET: BETWEEN(136, 208)",2025-11-26 00:00:00 - 2025-11-27 00:00:00,ENABLED,2025-11-26 19:09:53+0000,,,,,GOALS,,,
target-cardio-load,"MEASURE: CARDIO_LOAD, TARGET: BETWEEN(136, 208)",2025-11-26 00:00:00 - 2025-11-27 00:00:00,ENABLED,2025-11-26 19:25:00+0000,,,,,GOALS,,,
target-cardio-load,"MEASURE: CARDIO_LOAD, TARGET: BETWEEN(136, 208)",2025-11-26 00:00:00 - 2025-11-27 00:00:00,ENABLED,2025-11-26 19:40:06+0000,,,,,GOALS,,,
target-cardio-load,"MEASURE: CARDIO_LOAD, TARGET: BETWEEN(136, 208)",2025-11-26 00:00:00 - 2025-11-27 00:00:00,ENABLED,2025-11-26 19:55:16+0000,,,,,GOALS,,,
target-cardio-load,"MEASURE: CARDIO_LOAD, TARGET: BETWEEN(136, 208)",2025-11-26 00:00:00 - 2025-11-27 00:00:00,ENABLED,2025-11-26 20:07:26+0000,,,,,GOALS,,,
target-cardio-load,"MEASURE: CARDIO_LOAD, TARGET: BETWEEN(136, 208)",2025-11-26 00:00:00 - 2025-11-27 00:00:00,ENABLED,2025-11-26 20:22:33+0000,,,,,GOALS,,,
target-cardio-load,"MEASURE: CARDIO_LOAD, TARGET: BETWEEN(136, 208)",2025-11-26 00:00:00 - 2025-11-27 00:00:00,ENABLED,2025-11-26 20:35:14+0000,,,,,GOALS,,,
target-cardio-load,"MEASURE: CARDIO_LOAD, TARGET: BETWEEN(136, 208)",2025-11-26 00:00:00 - 2025-11-27 00:00:00,ENABLED,2025-11-26 20:39:50+0000,,,,,GOALS,,,
target-cardio-load,"MEASURE: CARDIO_LOAD, TARGET: BETWEEN(136, 208)",2025-11-26 00:00:00 - 2025-11-27 00:00:00,ENABLED,2025-11-26 20:55:03+0000,,,,,GOALS,,,
target-cardio-load,"MEASURE: CARDIO_LOAD, TARGET: BETWEEN(136, 208)",2025-11-26 00:00:00 - 2025-11-27 00:00:00,ENABLED,2025-11-26 21:10:16+0000,,,,,GOALS,,,
target-cardio-load,"MEASURE: CARDIO_LOAD, TARGET: BETWEEN(136, 208)",2025-11-26 00:00:00 - 2025-11-27 00:00:00,ENABLED,2025-11-26 21:25:25+0000,,,,,GOALS,,,
target-cardio-load,"MEASURE: CARDIO_LOAD, TARGET: BETWEEN(136, 208)",2025-11-26 00:00:00 - 2025-11-27 00:00:00,ENABLED,2025-11-26 21:40:34+0000,,,,,GOALS,,,
target-cardio-load,"MEASURE: CARDIO_LOAD, TARGET: BETWEEN(136, 208)",2025-11-26 00:00:00 - 2025-11-27 00:00:00,ENABLED,2025-11-26 21:55:41+0000,,,,,GOALS,,,
target-cardio-load,"MEASURE: CARDIO_LOAD, TARGET: BETWEEN(136, 208)",2025-11-26 00:00:00 - 2025-11-27 00:00:00,ENABLED,2025-11-26 22:10:55+0000,,,,,GOALS,,,
target-cardio-load,"MEASURE: CARDIO_LOAD, TARGET: BETWEEN(136, 208)",2025-11-26 00:00:00 - 2025-11-27 00:00:00,ENABLED,2025-11-26 22:26:02+0000,,,,,GOALS,,,
target-cardio-load,"MEASURE: CARDIO_LOAD, TARGET: BETWEEN(136, 208)",2025-11-26 00:00:00 - 2025-11-27 00:00:00,ENABLED,2025-11-27 01:17:25+0000,,,,,GOALS,,,
target-cardio-load,"MEASURE: CARDIO_LOAD, TARGET: BETWEEN(136, 208)",2025-11-26 00:00:00 - 2025-11-27 00:00:00,ENABLED,2025-11-27 01:32:29+0000,,,,,GOALS,,,
target-cardio-load,"MEASURE: CARDIO_LOAD, TARGET: BETWEEN(136, 208)",2025-11-26 00:00:00 - 2025-11-27 00:00:00,ENABLED,2025-11-27 01:47:36+0000,,,,,GOALS,,,
target-cardio-load,"MEASURE: CARDIO_LOAD, TARGET: BETWEEN(136, 208)",2025-11-26 00:00:00 - 2025-11-27 00:00:00,ENABLED,2025-11-27 02:02:43+0000,,,,,GOALS,,,
target-cardio-load,"MEASURE: CARDIO_LOAD, TARGET: BETWEEN(136, 208)",2025-11-26 00:00:00 - 2025-11-27 00:00:00,ENABLED,2025-11-27 02:17:50+0000,,,,,GOALS,,,
target-cardio-load,"MEASURE: CARDIO_LOAD, TARGET: BETWEEN(136, 208)",2025-11-26 00:00:00 - 2025-11-27 00:00:00,ENABLED,2025-11-27 02:33:04+0000,,,,,GOALS,,,
target-cardio-load,"MEASURE: CARDIO_LOAD, TARGET: BETWEEN(136, 208)",2025-11-26 00:00:00 - 2025-11-27 00:00:00,ENABLED,2025-11-27 02:48:15+0000,,,,,GOALS,,,
target-cardio-load,"MEASURE: CARDIO_LOAD, TARGET: BETWEEN(136, 208)",2025-11-26 00:00:00 - 2025-11-27 00:00:00,ENABLED,2025-11-27 03:03:22+0000,,,,,GOALS,,,
target-cardio-load,"MEASURE: CARDIO_LOAD, TARGET: BETWEEN(136, 208)",2025-11-26 00:00:00 - 2025-11-27 00:00:00,ENABLED,2025-11-27 03:18:32+0000,,,,,GOALS,,,
target-cardio-load,"MEASURE: CARDIO_LOAD, TARGET: BETWEEN(136, 208)",2025-11-26 00:00:00 - 2025-11-27 00:00:00,ENABLED,2025-11-27 03:33:39+0000,,,,,GOALS,,,
target-cardio-load,"MEASURE: CARDIO_LOAD, TARGET: BETWEEN(136, 208)",2025-11-26 00:00:00 - 2025-11-27 00:00:00,ENABLED,2025-11-27 03:48:45+0000,,,,,GOALS,,,
target-cardio-load,"MEASURE: CARDIO_LOAD, TARGET: BETWEEN(136, 208)",2025-11-26 00:00:00 - 2025-11-27 00:00:00,ENABLED,2025-11-27 04:03:55+0000,,,,,GOALS,,,
target-cardio-load,"MEASURE: CARDIO_LOAD, TARGET: BETWEEN(136, 208)",2025-11-26 00:00:00 - 2025-11-27 00:00:00,ENABLED,2025-11-27 04:19:01+0000,,,,,GOALS,,,
target-cardio-load,"MEASURE: CARDIO_LOAD, TARGET: BETWEEN(136, 208)",2025-11-26 00:00:00 - 2025-11-27 00:00:00,ENABLED,2025-11-27 04:34:11+0000,,,,,GOALS,,,
target-cardio-load,"MEASURE: CARDIO_LOAD, TARGET: BETWEEN(136, 208)",2025-11-26 00:00:00 - 2025-11-27 00:00:00,ENABLED,2025-11-27 05:01:50+0000,,,,,GOALS,,,
target-cardio-load,"MEASURE: CARDIO_LOAD, TARGET: BETWEEN(136, 208)",2025-11-26 00:00:00 - 2025-11-27 00:00:00,ENABLED,2025-11-27 05:17:19+0000,,,,,GOALS,,,
target-cardio-load,"MEASURE: CARDIO_LOAD, TARGET: BETWEEN(136, 208)",2025-11-26 00:00:00 - 2025-11-27 00:00:00,ENABLED,2025-11-27 05:32:26+0000,,,,,GOALS,,,
target-cardio-load,"MEASURE: CARDIO_LOAD, TARGET: BETWEEN(136, 208)",2025-11-26 00:00:00 - 2025-11-27 00:00:00,ENABLED,2025-11-27 05:47:36+0000,,,,,GOALS,,,
target-cardio-load,"MEASURE: CARDIO_LOAD, TARGET: BETWEEN(136, 208)",2025-11-26 00:00:00 - 2025-11-27 00:00:00,ENABLED,2025-11-27 06:02:49+0000,,,,,GOALS,,,
target-cardio-load,"MEASURE: CARDIO_LOAD, TARGET: BETWEEN(136, 208)",2025-11-26 00:00:00 - 2025-11-27 00:00:00,ENABLED,2025-11-27 06:18:37+0000,,,,,GOALS,,,
target-cardio-load,"MEASURE: CARDIO_LOAD, TARGET: BETWEEN(136, 208)",2025-11-26 00:00:00 - 2025-11-27 00:00:00,ENABLED,2025-11-27 06:27:44+0000,,,,,GOALS,,,
target-cardio-load,"MEASURE: CARDIO_LOAD, TARGET: BETWEEN(136, 208)",2025-11-26 00:00:00 - 2025-11-27 00:00:00,ENABLED,2025-11-27 06:42:51+0000,,,,,GOALS,,,
target-cardio-load,"MEASURE: CARDIO_LOAD, TARGET: BETWEEN(136, 208)",2025-11-26 00:00:00 - 2025-11-27 00:00:00,ENABLED,2025-11-27 06:58:01+0000,,,,,GOALS,,,
target-cardio-load,"MEASURE: CARDIO_LOAD, TARGET: BETWEEN(136, 208)",2025-11-26 00:00:00 - 2025-11-27 00:00:00,ENABLED,2025-11-27 07:13:07+0000,,,,,GOALS,,,
target-cardio-load,"MEASURE: CARDIO_LOAD, TARGET: BETWEEN(136, 208)",2025-11-26 00:00:00 - 2025-11-27 00:00:00,ENABLED,2025-11-27 07:24:12+0000,,,,,GOALS,,,
target-cardio-load,"MEASURE: CARDIO_LOAD, TARGET: BETWEEN(136, 208)",2025-11-26 00:00:00 - 2025-11-27 00:00:00,ENABLED,2025-11-27 07:39:18+0000,,,,,GOALS,,,
target-cardio-load,"MEASURE: CARDIO_LOAD, TARGET: BETWEEN(136, 208)",2025-11-26 00:00:00 - 2025-11-27 00:00:00,ENABLED,2025-11-27 07:54:27+0000,,,,,GOALS,,,
target-cardio-load,"MEASURE: CARDIO_LOAD, TARGET: BETWEEN(136, 208)",2025-11-26 00:00:00 - 2025-11-27 00:00:00,ENABLED,2025-11-27 08:09:34+0000,,,,,GOALS,,,
target-cardio-load,"MEASURE: CARDIO_LOAD, TARGET: BETWEEN(136, 208)",2025-11-27 00:00:00 - 2025-11-28 00:00:00,ENABLED,2025-11-27 08:10:11+0000,,,,,GOALS,,,
target-cardio-load,"MEASURE: CARDIO_LOAD, TARGET: BETWEEN(136, 208)",2025-11-27 00:00:00 - 2025-11-28 00:00:00,ENABLED,2025-11-27 16:29:05+0000,,,,,GOALS,,,
target-cardio-load,"MEASURE: CARDIO_LOAD, TARGET: BETWEEN(142, 191)",2025-10-11 00:00:00 - 2025-10-12 00:00:00,ENABLED,2025-10-11 07:26:38+0000,,,,,GOALS,,,
target-cardio-load,"MEASURE: CARDIO_LOAD, TARGET: BETWEEN(142, 191)",2025-10-11 00:00:00 - 2025-10-12 00:00:00,ENABLED,2025-10-11 14:30:30+0000,,,,,GOALS,,,
target-cardio-load,"MEASURE: CARDIO_LOAD, TARGET: BETWEEN(146, 177)",2025-08-25 00:00:00 - 2025-08-26 00:00:00,ENABLED,2025-08-25 16:23:56+0000,,,,,GOALS,,,
target-cardio-load,"MEASURE: CARDIO_LOAD, TARGET: BETWEEN(153, 207)",2025-10-12 00:00:00 - 2025-10-13 00:00:00,ENABLED,2025-10-12 07:29:11+0000,,,,,GOALS,,,
target-cardio-load,"MEASURE: CARDIO_LOAD, TARGET: BETWEEN(153, 207)",2025-10-12 00:00:00 - 2025-10-13 00:00:00,ENABLED,2025-10-12 08:08:02+0000,,,,,GOALS,,,
target-cardio-load,"MEASURE: CARDIO_LOAD, TARGET: BETWEEN(153, 207)",2025-10-12 00:00:00 - 2025-10-13 00:00:00,ENABLED,2025-10-12 15:05:27+0000,,,,,GOALS,,,
target-cardio-load,"MEASURE: CARDIO_LOAD, TARGET: BETWEEN(153, 207)",2025-10-12 00:00:00 - 2025-10-13 00:00:00,ENABLED,2025-10-12 15:05:27+0000,,,,,GOALS,,,
target-cardio-load,"MEASURE: CARDIO_LOAD, TARGET: BETWEEN(153, 207)",2025-10-12 00:00:00 - 2025-10-13 00:00:00,ENABLED,2025-10-12 15:05:28+0000,,,,,GOALS,,,
target-cardio-load,"MEASURE: CARDIO_LOAD, TARGET: BETWEEN(155, 221)",2025-11-17 00:00:00 - 2025-11-18 00:00:00,ENABLED,2025-11-17 08:21:15+0000,,,,,GOALS,,,
target-cardio-load,"MEASURE: CARDIO_LOAD, TARGET: BETWEEN(155, 221)",2025-11-17 00:00:00 - 2025-11-18 00:00:00,ENABLED,2025-11-17 16:17:06+0000,,,,,GOALS,,,
target-cardio-load,"MEASURE: CARDIO_LOAD, TARGET: BETWEEN(158, 201)",2025-08-28 00:00:00 - 2025-08-29 00:00:00,ENABLED,2025-08-28 15:08:22+0000,,,,,GOALS,,,
target-cardio-load,"MEASURE: CARDIO_LOAD, TARGET: BETWEEN(165, 216)",2025-10-23 00:00:00 - 2025-10-24 00:00:00,ENABLED,2025-10-23 07:26:53+0000,,,,,GOALS,,,
target-cardio-load,"MEASURE: CARDIO_LOAD, TARGET: BETWEEN(165, 216)",2025-10-23 00:00:00 - 2025-10-24 00:00:00,ENABLED,2025-10-23 11:06:24+0000,,,,,GOALS,,,
target-cardio-load,"MEASURE: CARDIO_LOAD, TARGET: BETWEEN(165, 216)",2025-10-23 00:00:00 - 2025-10-24 00:00:00,ENABLED,2025-10-23 14:39:04+0000,,,,,GOALS,,,
target-cardio-load,"MEASURE: CARDIO_LOAD, TARGET: BETWEEN(165, 216)",2025-10-23 00:00:00 - 2025-10-24 00:00:00,ENABLED,2025-10-23 14:39:04+0000,,,,,GOALS,,,
target-cardio-load,"MEASURE: CARDIO_LOAD, TARGET: BETWEEN(165, 216)",2025-10-23 00:00:00 - 2025-10-24 00:00:00,ENABLED,2025-10-23 14:39:04+0000,,,,,GOALS,,,
target-cardio-load,"MEASURE: CARDIO_LOAD, TARGET: BETWEEN(167, 220)",2025-11-23 00:00:00 - 2025-11-24 00:00:00,ENABLED,2025-11-23 08:39:55+0000,,,,,GOALS,,,
target-cardio-load,"MEASURE: CARDIO_LOAD, TARGET: BETWEEN(170, 202)",2025-09-12 00:00:00 - 2025-09-13 00:00:00,ENABLED,2025-09-12 07:21:35+0000,,,,,GOALS,,,
target-cardio-load,"MEASURE: CARDIO_LOAD, TARGET: BETWEEN(170, 202)",2025-09-12 00:00:00 - 2025-09-13 00:00:00,ENABLED,2025-09-12 14:56:35+0000,,,,,GOALS,,,
target-cardio-load,"MEASURE: CARDIO_LOAD, TARGET: BETWEEN(170, 224)",2025-10-27 00:00:00 - 2025-10-28 00:00:00,ENABLED,2025-10-27 07:35:57+0000,,,,,GOALS,,,
target-cardio-load,"MEASURE: CARDIO_LOAD, TARGET: BETWEEN(170, 224)",2025-10-27 00:00:00 - 2025-10-28 00:00:00,ENABLED,2025-10-27 14:58:58+0000,,,,,GOALS,,,
target-cardio-load,"MEASURE: CARDIO_LOAD, TARGET: BETWEEN(172, 224)",2025-10-25 00:00:00 - 2025-10-26 00:00:00,ENABLED,2025-10-25 07:21:56+0000,,,,,GOALS,,,
target-cardio-load,"MEASURE: CARDIO_LOAD, TARGET: BETWEEN(177, 230)",2025-10-22 00:00:00 - 2025-10-23 00:00:00,ENABLED,2025-10-22 07:16:37+0000,,,,,GOALS,,,
target-cardio-load,"MEASURE: CARDIO_LOAD, TARGET: BETWEEN(177, 230)",2025-10-22 00:00:00 - 2025-10-23 00:00:00,ENABLED,2025-10-22 14:09:58+0000,,,,,GOALS,,,
target-cardio-load,"MEASURE: CARDIO_LOAD, TARGET: BETWEEN(18, 41)",2025-09-19 00:00:00 - 2025-09-20 00:00:00,ENABLED,2025-09-19 07:16:20+0000,,,,,GOALS,,,
target-cardio-load,"MEASURE: CARDIO_LOAD, TARGET: BETWEEN(18, 41)",2025-09-19 00:00:00 - 2025-09-20 00:00:00,ENABLED,2025-09-19 15:30:17+0000,,,,,GOALS,,,
target-cardio-load,"MEASURE: CARDIO_LOAD, TARGET: BETWEEN(186, 239)",2025-10-21 00:00:00 - 2025-10-22 00:00:00,ENABLED,2025-10-21 07:22:29+0000,,,,,GOALS,,,
target-cardio-load,"MEASURE: CARDIO_LOAD, TARGET: BETWEEN(186, 239)",2025-10-21 00:00:00 - 2025-10-22 00:00:00,ENABLED,2025-10-21 14:44:26+0000,,,,,GOALS,,,
target-cardio-load,"MEASURE: CARDIO_LOAD, TARGET: BETWEEN(2, 23)",2026-01-29 00:00:00 - 2026-01-30 00:00:00,ENABLED,2026-01-29 08:28:53+0000,,,,,GOALS,,,
target-cardio-load,"MEASURE: CARDIO_LOAD, TARGET: BETWEEN(2, 23)",2026-01-29 00:00:00 - 2026-01-30 00:00:00,ENABLED,2026-01-29 16:41:21+0000,,,,,GOALS,,,
target-cardio-load,"MEASURE: CARDIO_LOAD, TARGET: BETWEEN(2, 37)",2025-09-21 00:00:00 - 2025-09-22 00:00:00,ENABLED,2025-09-21 15:06:38+0000,,,,,GOALS,,,
target-cardio-load,"MEASURE: CARDIO_LOAD, TARGET: BETWEEN(2, 39)",2025-09-25 00:00:00 - 2025-09-26 00:00:00,ENABLED,2025-09-25 07:29:44+0000,,,,,GOALS,,,
target-cardio-load,"MEASURE: CARDIO_LOAD, TARGET: BETWEEN(2, 39)",2025-09-26 00:00:00 - 2025-09-27 00:00:00,ENABLED,2025-09-27 01:43:55+0000,,,,,GOALS,,,
target-cardio-load,"MEASURE: CARDIO_LOAD, TARGET: BETWEEN(2, 39)",2025-09-26 00:00:00 - 2025-09-27 00:00:00,ENABLED,2025-09-27 01:43:56+0000,,,,,GOALS,,,
target-cardio-load,"MEASURE: CARDIO_LOAD, TARGET: BETWEEN(2, 39)",2025-09-27 00:00:00 - 2025-09-28 00:00:00,ENABLED,2025-09-27 07:18:00+0000,,,,,GOALS,,,
target-cardio-load,"MEASURE: CARDIO_LOAD, TARGET: BETWEEN(2, 39)",2025-09-29 00:00:00 - 2025-09-30 00:00:00,ENABLED,2025-09-29 07:25:09+0000,,,,,GOALS,,,
target-cardio-load,"MEASURE: CARDIO_LOAD, TARGET: BETWEEN(2, 39)",2025-09-30 00:00:00 - 2025-10-01 00:00:00,ENABLED,2025-09-30 07:22:16+0000,,,,,GOALS,,,
target-cardio-load,"MEASURE: CARDIO_LOAD, TARGET: BETWEEN(2, 43)",2025-09-22 00:00:00 - 2025-09-23 00:00:00,ENABLED,2025-09-22 07:28:38+0000,,,,,GOALS,,,
target-cardio-load,"MEASURE: CARDIO_LOAD, TARGET: BETWEEN(2, 43)",2025-09-23 00:00:00 - 2025-09-24 00:00:00,ENABLED,2025-09-23 07:19:15+0000,,,,,GOALS,,,
target-cardio-load,"MEASURE: CARDIO_LOAD, TARGET: BETWEEN(2, 43)",2025-09-23 00:00:00 - 2025-09-24 00:00:00,ENABLED,2025-09-23 14:53:08+0000,,,,,GOALS,,,
target-cardio-load,"MEASURE: CARDIO_LOAD, TARGET: BETWEEN(2, 43)",2025-09-24 00:00:00 - 2025-09-25 00:00:00,ENABLED,2025-09-24 07:21:48+0000,,,,,GOALS,,,
target-cardio-load,"MEASURE: CARDIO_LOAD, TARGET: BETWEEN(20, 38)",2026-01-20 00:00:00 - 2026-01-21 00:00:00,ENABLED,2026-01-20 08:28:28+0000,,,,,GOALS,,,
target-cardio-load,"MEASURE: CARDIO_LOAD, TARGET: BETWEEN(20, 50)",2025-09-28 00:00:00 - 2025-09-29 00:00:00,ENABLED,2025-09-28 21:06:04+0000,,,,,GOALS,,,
target-cardio-load,"MEASURE: CARDIO_LOAD, TARGET: BETWEEN(205, 316)",2025-10-19 00:00:00 - 2025-10-20 00:00:00,ENABLED,2025-10-19 07:21:40+0000,,,,,GOALS,,,
target-cardio-load,"MEASURE: CARDIO_LOAD, TARGET: BETWEEN(205, 316)",2025-10-19 00:00:00 - 2025-10-20 00:00:00,ENABLED,2025-10-19 14:44:25+0000,,,,,GOALS,,,
target-cardio-load,"MEASURE: CARDIO_LOAD, TARGET: BETWEEN(228, 281)",2025-10-20 00:00:00 - 2025-10-21 00:00:00,ENABLED,2025-10-20 07:03:37+0000,,,,,GOALS,,,
target-cardio-load,"MEASURE: CARDIO_LOAD, TARGET: BETWEEN(228, 281)",2025-10-20 00:00:00 - 2025-10-21 00:00:00,ENABLED,2025-10-20 14:10:00+0000,,,,,GOALS,,,
target-cardio-load,"MEASURE: CARDIO_LOAD, TARGET: BETWEEN(238, 316)",2025-10-24 00:00:00 - 2025-10-25 00:00:00,ENABLED,2025-10-24 07:29:24+0000,,,,,GOALS,,,
target-cardio-load,"MEASURE: CARDIO_LOAD, TARGET: BETWEEN(238, 316)",2025-10-24 00:00:00 - 2025-10-25 00:00:00,ENABLED,2025-10-24 15:02:54+0000,,,,,GOALS,,,
target-cardio-load,"MEASURE: CARDIO_LOAD, TARGET: BETWEEN(24, 75)",2025-11-04 00:00:00 - 2025-11-05 00:00:00,ENABLED,2025-11-04 08:19:07+0000,,,,,GOALS,,,
target-cardio-load,"MEASURE: CARDIO_LOAD, TARGET: BETWEEN(24, 75)",2025-11-04 00:00:00 - 2025-11-05 00:00:00,ENABLED,2025-11-04 21:46:41+0000,,,,,GOALS,,,
target-cardio-load,"MEASURE: CARDIO_LOAD, TARGET: BETWEEN(264, 316)",2025-10-26 00:00:00 - 2025-10-27 00:00:00,ENABLED,2025-10-26 07:21:20+0000,,,,,GOALS,,,
target-cardio-load,"MEASURE: CARDIO_LOAD, TARGET: BETWEEN(264, 316)",2025-10-26 00:00:00 - 2025-10-27 00:00:00,ENABLED,2025-10-26 14:54:50+0000,,,,,GOALS,,,
target-cardio-load,"MEASURE: CARDIO_LOAD, TARGET: BETWEEN(3, 24)",2026-01-30 00:00:00 - 2026-01-31 00:00:00,ENABLED,2026-01-30 08:18:25+0000,,,,,GOALS,,,
target-cardio-load,"MEASURE: CARDIO_LOAD, TARGET: BETWEEN(3, 24)",2026-01-30 00:00:00 - 2026-01-31 00:00:00,ENABLED,2026-01-30 18:16:33+0000,,,,,GOALS,,,
target-cardio-load,"MEASURE: CARDIO_LOAD, TARGET: BETWEEN(3, 24)",2026-02-01 00:00:00 - 2026-02-02 00:00:00,ENABLED,2026-02-01 08:21:42+0000,,,,,GOALS,,,
target-cardio-load,"MEASURE: CARDIO_LOAD, TARGET: BETWEEN(3, 54)",2025-10-05 00:00:00 - 2025-10-06 00:00:00,ENABLED,2025-10-05 13:38:01+0000,,,,,GOALS,,,
target-cardio-load,"MEASURE: CARDIO_LOAD, TARGET: BETWEEN(3, 55)",2025-10-06 00:00:00 - 2025-10-07 00:00:00,ENABLED,2025-10-06 07:30:18+0000,,,,,GOALS,,,
target-cardio-load,"MEASURE: CARDIO_LOAD, TARGET: BETWEEN(3, 55)",2025-10-07 00:00:00 - 2025-10-08 00:00:00,ENABLED,2025-10-07 08:37:49+0000,,,,,GOALS,,,
target-cardio-load,"MEASURE: CARDIO_LOAD, TARGET: BETWEEN(30, 77)",2025-11-13 00:00:00 - 2025-11-14 00:00:00,ENABLED,2025-11-14 04:57:13+0000,,,,,GOALS,,,
target-cardio-load,"MEASURE: CARDIO_LOAD, TARGET: BETWEEN(33, 74)",2025-08-30 00:00:00 - 2025-08-31 00:00:00,ENABLED,2025-08-30 15:59:24+0000,,,,,GOALS,,,
target-cardio-load,"MEASURE: CARDIO_LOAD, TARGET: BETWEEN(37, 84)",2025-11-14 00:00:00 - 2025-11-15 00:00:00,ENABLED,2025-11-14 09:01:09+0000,,,,,GOALS,,,
target-cardio-load,"MEASURE: CARDIO_LOAD, TARGET: BETWEEN(38, 60)",2025-09-20 00:00:00 - 2025-09-21 00:00:00,ENABLED,2025-09-21 15:06:28+0000,,,,,GOALS,,,
target-cardio-load,"MEASURE: CARDIO_LOAD, TARGET: BETWEEN(38, 60)",2025-09-20 00:00:00 - 2025-09-21 00:00:00,ENABLED,2025-09-21 15:06:42+0000,,,,,GOALS,,,
target-cardio-load,"MEASURE: CARDIO_LOAD, TARGET: BETWEEN(4, 25)",2026-01-31 00:00:00 - 2026-02-01 00:00:00,ENABLED,2026-01-31 18:00:04+0000,,,,,GOALS,,,
target-cardio-load,"MEASURE: CARDIO_LOAD, TARGET: BETWEEN(4, 25)",2026-01-31 00:00:00 - 2026-02-01 00:00:00,ENABLED,2026-01-31 18:00:09+0000,,,,,GOALS,,,
target-cardio-load,"MEASURE: CARDIO_LOAD, TARGET: BETWEEN(4, 56)",2025-10-08 00:00:00 - 2025-10-09 00:00:00,ENABLED,2025-10-08 07:27:56+0000,,,,,GOALS,,,
target-cardio-load,"MEASURE: CARDIO_LOAD, TARGET: BETWEEN(4, 56)",2025-10-08 00:00:00 - 2025-10-09 00:00:00,ENABLED,2025-10-08 14:04:19+0000,,,,,GOALS,,,
target-cardio-load,"MEASURE: CARDIO_LOAD, TARGET: BETWEEN(4, 56)",2025-10-09 00:00:00 - 2025-10-10 00:00:00,ENABLED,2025-10-09 07:35:43+0000,,,,,GOALS,,,
target-cardio-load,"MEASURE: CARDIO_LOAD, TARGET: BETWEEN(4, 56)",2025-10-09 00:00:00 - 2025-10-10 00:00:00,ENABLED,2025-10-09 14:24:33+0000,,,,,GOALS,,,
target-cardio-load,"MEASURE: CARDIO_LOAD, TARGET: BETWEEN(4, 56)",2025-10-10 00:00:00 - 2025-10-11 00:00:00,ENABLED,2025-10-10 07:07:02+0000,,,,,GOALS,,,
target-cardio-load,"MEASURE: CARDIO_LOAD, TARGET: BETWEEN(4, 56)",2025-10-10 00:00:00 - 2025-10-11 00:00:00,ENABLED,2025-10-10 14:36:53+0000,,,,,GOALS,,,
target-cardio-load,"MEASURE: CARDIO_LOAD, TARGET: BETWEEN(4, 64)",2025-10-13 00:00:00 - 2025-10-14 00:00:00,ENABLED,2025-10-13 07:18:56+0000,,,,,GOALS,,,
target-cardio-load,"MEASURE: CARDIO_LOAD, TARGET: BETWEEN(4, 64)",2025-10-13 00:00:00 - 2025-10-14 00:00:00,ENABLED,2025-10-13 15:00:23+0000,,,,,GOALS,,,
target-cardio-load,"MEASURE: CARDIO_LOAD, TARGET: BETWEEN(42, 94)",2025-11-05 00:00:00 - 2025-11-06 00:00:00,ENABLED,2025-11-05 08:27:18+0000,,,,,GOALS,,,
target-cardio-load,"MEASURE: CARDIO_LOAD, TARGET: BETWEEN(42, 94)",2025-11-05 00:00:00 - 2025-11-06 00:00:00,ENABLED,2025-11-05 15:14:36+0000,,,,,GOALS,,,
target-cardio-load,"MEASURE: CARDIO_LOAD, TARGET: BETWEEN(42, 94)",2025-11-05 00:00:00 - 2025-11-06 00:00:00,ENABLED,2025-11-05 17:17:57+0000,,,,,GOALS,,,
target-cardio-load,"MEASURE: CARDIO_LOAD, TARGET: BETWEEN(42, 94)",2025-11-05 00:00:00 - 2025-11-06 00:00:00,ENABLED,2025-11-05 17:17:57+0000,,,,,GOALS,,,
target-cardio-load,"MEASURE: CARDIO_LOAD, TARGET: BETWEEN(42, 94)",2025-11-05 00:00:00 - 2025-11-06 00:00:00,ENABLED,2025-11-05 17:17:58+0000,,,,,GOALS,,,
target-cardio-load,"MEASURE: CARDIO_LOAD, TARGET: BETWEEN(43, 95)",2025-11-06 00:00:00 - 2025-11-07 00:00:00,ENABLED,2025-11-06 08:20:34+0000,,,,,GOALS,,,
target-cardio-load,"MEASURE: CARDIO_LOAD, TARGET: BETWEEN(43, 95)",2025-11-06 00:00:00 - 2025-11-07 00:00:00,ENABLED,2025-11-06 15:57:47+0000,,,,,GOALS,,,
target-cardio-load,"MEASURE: CARDIO_LOAD, TARGET: BETWEEN(45, 67)",2025-09-18 00:00:00 - 2025-09-19 00:00:00,ENABLED,2025-09-18 07:19:17+0000,,,,,GOALS,,,
target-cardio-load,"MEASURE: CARDIO_LOAD, TARGET: BETWEEN(45, 67)",2025-09-18 00:00:00 - 2025-09-19 00:00:00,ENABLED,2025-09-18 14:58:22+0000,,,,,GOALS,,,
target-cardio-load,"MEASURE: CARDIO_LOAD, TARGET: BETWEEN(47, 98)",2025-11-07 00:00:00 - 2025-11-08 00:00:00,ENABLED,2025-11-07 08:27:03+0000,,,,,GOALS,,,
target-cardio-load,"MEASURE: CARDIO_LOAD, TARGET: BETWEEN(47, 98)",2025-11-07 00:00:00 - 2025-11-08 00:00:00,ENABLED,2025-11-07 16:51:58+0000,,,,,GOALS,,,
target-cardio-load,"MEASURE: CARDIO_LOAD, TARGET: BETWEEN(50, 69)",2026-01-24 00:00:00 - 2026-01-25 00:00:00,ENABLED,2026-01-24 08:30:28+0000,,,,,GOALS,,,
target-cardio-load,"MEASURE: CARDIO_LOAD, TARGET: BETWEEN(50, 69)",2026-01-24 00:00:00 - 2026-01-25 00:00:00,ENABLED,2026-01-24 18:32:27+0000,,,,,GOALS,,,
target-cardio-load,"MEASURE: CARDIO_LOAD, TARGET: BETWEEN(50, 77)",2026-01-26 00:00:00 - 2026-01-27 00:00:00,ENABLED,2026-01-26 08:36:08+0000,,,,,GOALS,,,
target-cardio-load,"MEASURE: CARDIO_LOAD, TARGET: BETWEEN(50, 77)",2026-01-26 00:00:00 - 2026-01-27 00:00:00,ENABLED,2026-01-26 15:54:56+0000,,,,,GOALS,,,
target-cardio-load,"MEASURE: CARDIO_LOAD, TARGET: BETWEEN(50, 85)",2025-10-03 00:00:00 - 2025-10-04 00:00:00,ENABLED,2025-10-05 13:37:46+0000,,,,,GOALS,,,
target-cardio-load,"MEASURE: CARDIO_LOAD, TARGET: BETWEEN(54, 90)",2025-10-04 00:00:00 - 2025-10-05 00:00:00,ENABLED,2025-10-05 13:37:46+0000,,,,,GOALS,,,
target-cardio-load,"MEASURE: CARDIO_LOAD, TARGET: BETWEEN(58, 115)",2025-10-30 00:00:00 - 2025-10-31 00:00:00,ENABLED,2025-10-30 07:03:11+0000,,,,,GOALS,,,
target-cardio-load,"MEASURE: CARDIO_LOAD, TARGET: BETWEEN(58, 115)",2025-10-30 00:00:00 - 2025-10-31 00:00:00,ENABLED,2025-10-30 14:43:37+0000,,,,,GOALS,,,
target-cardio-load,"MEASURE: CARDIO_LOAD, TARGET: BETWEEN(63, 113)",2025-11-09 00:00:00 - 2025-11-10 00:00:00,ENABLED,2025-11-09 19:22:53+0000,,,,,GOALS,,,
target-cardio-load,"MEASURE: CARDIO_LOAD, TARGET: BETWEEN(63, 113)",2025-11-09 00:00:00 - 2025-11-10 00:00:00,ENABLED,2025-11-09 19:23:02+0000,,,,,GOALS,,,
target-cardio-load,"MEASURE: CARDIO_LOAD, TARGET: BETWEEN(64, 114)",2025-11-19 00:00:00 - 2025-11-20 00:00:00,ENABLED,2025-11-21 19:04:43+0000,,,,,GOALS,,,
target-cardio-load,"MEASURE: CARDIO_LOAD, TARGET: BETWEEN(64, 114)",2025-11-19 00:00:00 - 2025-11-20 00:00:00,ENABLED,2025-11-21 19:04:57+0000,,,,,GOALS,,,
target-cardio-load,"MEASURE: CARDIO_LOAD, TARGET: BETWEEN(66, 77)",2026-01-25 00:00:00 - 2026-01-26 00:00:00,ENABLED,2026-01-25 08:21:52+0000,,,,,GOALS,,,
target-cardio-load,"MEASURE: CARDIO_LOAD, TARGET: BETWEEN(66, 77)",2026-01-25 00:00:00 - 2026-01-26 00:00:00,ENABLED,2026-01-25 19:14:22+0000,,,,,GOALS,,,
target-cardio-load,"MEASURE: CARDIO_LOAD, TARGET: BETWEEN(67, 92)",2025-09-14 00:00:00 - 2025-09-15 00:00:00,ENABLED,2025-09-14 07:27:20+0000,,,,,GOALS,,,
target-cardio-load,"MEASURE: CARDIO_LOAD, TARGET: BETWEEN(67, 92)",2025-09-14 00:00:00 - 2025-09-15 00:00:00,ENABLED,2025-09-14 15:30:47+0000,,,,,GOALS,,,
target-cardio-load,"MEASURE: CARDIO_LOAD, TARGET: BETWEEN(68, 94)",2025-09-16 00:00:00 - 2025-09-17 00:00:00,ENABLED,2025-09-16 07:24:23+0000,,,,,GOALS,,,
target-cardio-load,"MEASURE: CARDIO_LOAD, TARGET: BETWEEN(68, 94)",2025-09-16 00:00:00 - 2025-09-17 00:00:00,ENABLED,2025-09-16 14:49:26+0000,,,,,GOALS,,,
target-cardio-load,"MEASURE: CARDIO_LOAD, TARGET: BETWEEN(68, 94)",2025-09-16 00:00:00 - 2025-09-17 00:00:00,ENABLED,2025-09-16 16:45:52+0000,,,,,GOALS,,,
target-cardio-load,"MEASURE: CARDIO_LOAD, TARGET: BETWEEN(68, 94)",2025-09-16 00:00:00 - 2025-09-17 00:00:00,ENABLED,2025-09-16 16:45:53+0000,,,,,GOALS,,,
target-cardio-load,"MEASURE: CARDIO_LOAD, TARGET: BETWEEN(68, 94)",2025-09-16 00:00:00 - 2025-09-17 00:00:00,ENABLED,2025-09-16 16:45:53+0000,,,,,GOALS,,,
target-cardio-load,"MEASURE: CARDIO_LOAD, TARGET: BETWEEN(68, 94)",2025-09-16 00:00:00 - 2025-09-17 00:00:00,ENABLED,2025-09-16 16:46:04+0000,,,,,GOALS,,,
target-cardio-load,"MEASURE: CARDIO_LOAD, TARGET: BETWEEN(7, 25)",2026-01-21 00:00:00 - 2026-01-22 00:00:00,ENABLED,2026-01-21 08:23:10+0000,,,,,GOALS,,,
target-cardio-load,"MEASURE: CARDIO_LOAD, TARGET: BETWEEN(7, 25)",2026-01-21 00:00:00 - 2026-01-22 00:00:00,ENABLED,2026-01-21 15:15:14+0000,,,,,GOALS,,,
target-cardio-load,"MEASURE: CARDIO_LOAD, TARGET: BETWEEN(7, 66)",2025-10-14 00:00:00 - 2025-10-15 00:00:00,ENABLED,2025-10-14 07:30:17+0000,,,,,GOALS,,,
target-cardio-load,"MEASURE: CARDIO_LOAD, TARGET: BETWEEN(7, 66)",2025-10-14 00:00:00 - 2025-10-15 00:00:00,ENABLED,2025-10-14 14:07:07+0000,,,,,GOALS,,,
target-cardio-load,"MEASURE: CARDIO_LOAD, TARGET: BETWEEN(76, 119)",2026-02-03 00:00:00 - 2026-02-04 00:00:00,ENABLED,2026-02-15 05:37:04+0000,,,,,GOALS,,,
target-cardio-load,"MEASURE: CARDIO_LOAD, TARGET: BETWEEN(77, 103)",2025-09-15 00:00:00 - 2025-09-16 00:00:00,ENABLED,2025-09-15 07:25:38+0000,,,,,GOALS,,,
target-cardio-load,"MEASURE: CARDIO_LOAD, TARGET: BETWEEN(77, 103)",2025-09-15 00:00:00 - 2025-09-16 00:00:00,ENABLED,2025-09-15 15:13:29+0000,,,,,GOALS,,,
target-cardio-load,"MEASURE: CARDIO_LOAD, TARGET: BETWEEN(77, 111)",2025-10-02 00:00:00 - 2025-10-03 00:00:00,ENABLED,2025-10-02 07:16:39+0000,,,,,GOALS,,,
target-cardio-load,"MEASURE: CARDIO_LOAD, TARGET: BETWEEN(78, 123)",2025-08-31 00:00:00 - 2025-09-01 00:00:00,ENABLED,2025-08-31 15:59:27+0000,,,,,GOALS,,,
target-cardio-load,"MEASURE: CARDIO_LOAD, TARGET: BETWEEN(8, 67)",2025-10-16 00:00:00 - 2025-10-17 00:00:00,ENABLED,2025-10-16 07:23:41+0000,,,,,GOALS,,,
target-cardio-load,"MEASURE: CARDIO_LOAD, TARGET: BETWEEN(8, 67)",2025-10-16 00:00:00 - 2025-10-17 00:00:00,ENABLED,2025-10-16 13:52:25+0000,,,,,GOALS,,,
target-cardio-load,"MEASURE: CARDIO_LOAD, TARGET: BETWEEN(8, 67)",2025-10-17 00:00:00 - 2025-10-18 00:00:00,ENABLED,2025-10-17 07:27:01+0000,,,,,GOALS,,,
target-cardio-load,"MEASURE: CARDIO_LOAD, TARGET: BETWEEN(8, 67)",2025-10-17 00:00:00 - 2025-10-18 00:00:00,ENABLED,2025-10-17 16:14:36+0000,,,,,GOALS,,,
target-cardio-load,"MEASURE: CARDIO_LOAD, TARGET: BETWEEN(82, 116)",2025-10-01 00:00:00 - 2025-10-02 00:00:00,ENABLED,2025-10-01 14:33:17+0000,,,,,GOALS,,,
target-cardio-load,"MEASURE: CARDIO_LOAD, TARGET: BETWEEN(87, 112)",2025-09-17 00:00:00 - 2025-09-18 00:00:00,ENABLED,2025-09-17 07:26:20+0000,,,,,GOALS,,,
target-cardio-load,"MEASURE: CARDIO_LOAD, TARGET: BETWEEN(92, 148)",2025-10-28 00:00:00 - 2025-10-29 00:00:00,ENABLED,2025-10-28 07:23:26+0000,,,,,GOALS,,,
target-cardio-load,"MEASURE: CARDIO_LOAD, TARGET: BETWEEN(92, 148)",2025-10-28 00:00:00 - 2025-10-29 00:00:00,ENABLED,2025-10-28 14:21:53+0000,,,,,GOALS,,,
target-cardio-load,"MEASURE: CARDIO_LOAD, TARGET: BETWEEN(95, 119)",2026-02-02 00:00:00 - 2026-02-03 00:00:00,ENABLED,2026-02-15 05:37:02+0000,,,,,GOALS,,,
target-cardio-load,"MEASURE: CARDIO_LOAD, TARGET: BETWEEN(96, 139)",2025-09-01 00:00:00 - 2025-09-02 00:00:00,ENABLED,2025-09-03 15:37:48+0000,,,,,GOALS,,,
target-cardio-load,"MEASURE: CARDIO_LOAD, TARGET: BETWEEN(99, 139)",2025-08-20 00:00:00 - 2025-08-21 00:00:00,ENABLED,2025-08-20 15:18:26+0000,,,,,GOALS,,,
target-cardio-load,"MEASURE: CARDIO_LOAD, TARGET: BETWEEN(99, 155)",2025-10-29 00:00:00 - 2025-10-30 00:00:00,ENABLED,2025-10-29 15:41:19+0000,,,,,GOALS,,,
target-cardio-load,"MEASURE: CARDIO_LOAD, TARGET: BETWEEN(99, 155)",2025-10-29 00:00:00 - 2025-10-30 00:00:00,ENABLED,2025-10-29 15:41:25+0000,,,,,GOALS,,,
weekly-distance,"MEASURE: steps-distance, TARGET: AT_LEAST(56327040)",DAILY,ENABLED,2025-08-13 05:31:46+0000,,,,,GOALS,,,
weekly-energy-burned,"MEASURE: energy-burned, TARGET: AT_LEAST(16709)",WEEKLY,ENABLED,2025-08-13 05:31:46+0000,,,,,GOALS,,,
weekly-exercise-days,"MEASURE: EXERCISE_DAYS, TARGET: AT_LEAST(3)",WEEKLY,ENABLED,1970-01-01 00:00:00+0000,,,,,GOALS,,,
weekly-floors,"MEASURE: floors-count, TARGET: AT_LEAST(70)",WEEKLY,ENABLED,2025-08-13 05:31:46+0000,,,,,GOALS,,,
weekly-mindful-days,"MEASURE: mindful-days, TARGET: AT_LEAST(2)",WEEKLY,ENABLED,2025-08-14 00:00:00+0000,,,,,GOALS,,,
weekly-steps,"MEASURE: steps-count, TARGET: AT_LEAST(70000)",WEEKLY,ENABLED,2025-08-13 05:31:46+0000,,,,,GOALS,,,
