timestamp,heart_rate_zone,data source
2025-08-13T00:00:00Z,"{""heart_rate_zone_type"": LIGHT, ""min_heart_rate_bpm"": 30, ""max_heart_rate_bpm"": 109},{""heart_rate_zone_type"": MODERATE, ""min_heart_rate_bpm"": 110, ""max_heart_rate_bpm"": 134},{""heart_rate_zone_type"": VIGOROUS, ""min_heart_rate_bpm"": 135, ""max_heart_rate_bpm"": 165},{""heart_rate_zone_type"": PEAK, ""min_heart_rate_bpm"": 166, ""max_heart_rate_bpm"": 220}",Fitbit App
2025-08-14T00:00:00Z,"{""heart_rate_zone_type"": LIGHT, ""min_heart_rate_bpm"": 30, ""max_heart_rate_bpm"": 117},{""heart_rate_zone_type"": MODERATE, ""min_heart_rate_bpm"": 118, ""max_heart_rate_bpm"": 144},{""heart_rate_zone_type"": VIGOROUS, ""min_heart_rate_bpm"": 145, ""max_heart_rate_bpm"": 179},{""heart_rate_zone_type"": PEAK, ""min_heart_rate_bpm"": 180, ""max_heart_rate_bpm"": 220}",Fitbit App
2025-08-15T00:00:00Z,"{""heart_rate_zone_type"": LIGHT, ""min_heart_rate_bpm"": 30, ""max_heart_rate_bpm"": 116},{""heart_rate_zone_type"": MODERATE, ""min_heart_rate_bpm"": 117, ""max_heart_rate_bpm"": 144},{""heart_rate_zone_type"": VIGOROUS, ""min_heart_rate_bpm"": 145, ""max_heart_rate_bpm"": 179},{""heart_rate_zone_type"": PEAK, ""min_heart_rate_bpm"": 180, ""max_heart_rate_bpm"": 220}",Fitbit App
2025-08-16T00:00:00Z,"{""heart_rate_zone_type"": LIGHT, ""min_heart_rate_bpm"": 30, ""max_heart_rate_bpm"": 117},{""heart_rate_zone_type"": MODERATE, ""min_heart_rate_bpm"": 118, ""max_heart_rate_bpm"": 145},{""heart_rate_zone_type"": VIGOROUS, ""min_heart_rate_bpm"": 146, ""max_heart_rate_bpm"": 179},{""heart_rate_zone_type"": PEAK, ""min_heart_rate_bpm"": 180, ""max_heart_rate_bpm"": 220}",Fitbit App
2025-08-17T00:00:00Z,"{""heart_rate_zone_type"": LIGHT, ""min_heart_rate_bpm"": 30, ""max_heart_rate_bpm"": 117},{""heart_rate_zone_type"": MODERATE, ""min_heart_rate_bpm"": 118, ""max_heart_rate_bpm"": 144},{""heart_rate_zone_type"": VIGOROUS, ""min_heart_rate_bpm"": 145, ""max_heart_rate_bpm"": 179},{""heart_rate_zone_type"": PEAK, ""min_heart_rate_bpm"": 180, ""max_heart_rate_bpm"": 220}",Fitbit App
2025-08-18T00:00:00Z,"{""heart_rate_zone_type"": LIGHT, ""min_heart_rate_bpm"": 30, ""max_heart_rate_bpm"": 116},{""heart_rate_zone_type"": MODERATE, ""min_heart_rate_bpm"": 117, ""max_heart_rate_bpm"": 144},{""heart_rate_zone_type"": VIGOROUS, ""min_heart_rate_bpm"": 145, ""max_heart_rate_bpm"": 179},{""heart_rate_zone_type"": PEAK, ""min_heart_rate_bpm"": 180, ""max_heart_rate_bpm"": 220}",Fitbit App
2025-08-19T00:00:00Z,"{""heart_rate_zone_type"": LIGHT, ""min_heart_rate_bpm"": 30, ""max_heart_rate_bpm"": 114},{""heart_rate_zone_type"": MODERATE, ""min_heart_rate_bpm"": 115, ""max_heart_rate_bpm"": 143},{""heart_rate_zone_type"": VIGOROUS, ""min_heart_rate_bpm"": 144, ""max_heart_rate_bpm"": 178},{""heart_rate_zone_type"": PEAK, ""min_heart_rate_bpm"": 179, ""max_heart_rate_bpm"": 220}",Fitbit App
2025-08-20T00:00:00Z,"{""heart_rate_zone_type"": LIGHT, ""min_heart_rate_bpm"": 30, ""max_heart_rate_bpm"": 114},{""heart_rate_zone_type"": MODERATE, ""min_heart_rate_bpm"": 115, ""max_heart_rate_bpm"": 142},{""heart_rate_zone_type"": VIGOROUS, ""min_heart_rate_bpm"": 143, ""max_heart_rate_bpm"": 178},{""heart_rate_zone_type"": PEAK, ""min_heart_rate_bpm"": 179, ""max_heart_rate_bpm"": 220}",Fitbit App
2025-08-21T00:00:00Z,"{""heart_rate_zone_type"": LIGHT, ""min_heart_rate_bpm"": 30, ""max_heart_rate_bpm"": 114},{""heart_rate_zone_type"": MODERATE, ""min_heart_rate_bpm"": 115, ""max_heart_rate_bpm"": 142},{""heart_rate_zone_type"": VIGOROUS, ""min_heart_rate_bpm"": 143, ""max_heart_rate_bpm"": 178},{""heart_rate_zone_type"": PEAK, ""min_heart_rate_bpm"": 179, ""max_heart_rate_bpm"": 220}",Fitbit App
2025-08-22T00:00:00Z,"{""heart_rate_zone_type"": LIGHT, ""min_heart_rate_bpm"": 30, ""max_heart_rate_bpm"": 114},{""heart_rate_zone_type"": MODERATE, ""min_heart_rate_bpm"": 115, ""max_heart_rate_bpm"": 143},{""heart_rate_zone_type"": VIGOROUS, ""min_heart_rate_bpm"": 144, ""max_heart_rate_bpm"": 178},{""heart_rate_zone_type"": PEAK, ""min_heart_rate_bpm"": 179, ""max_heart_rate_bpm"": 220}",Fitbit App
2025-08-23T00:00:00Z,"{""heart_rate_zone_type"": LIGHT, ""min_heart_rate_bpm"": 30, ""max_heart_rate_bpm"": 114},{""heart_rate_zone_type"": MODERATE, ""min_heart_rate_bpm"": 115, ""max_heart_rate_bpm"": 143},{""heart_rate_zone_type"": VIGOROUS, ""min_heart_rate_bpm"": 144, ""max_heart_rate_bpm"": 178},{""heart_rate_zone_type"": PEAK, ""min_heart_rate_bpm"": 179, ""max_heart_rate_bpm"": 220}",Fitbit App
2025-08-24T00:00:00Z,"{""heart_rate_zone_type"": LIGHT, ""min_heart_rate_bpm"": 30, ""max_heart_rate_bpm"": 113},{""heart_rate_zone_type"": MODERATE, ""min_heart_rate_bpm"": 114, ""max_heart_rate_bpm"": 142},{""heart_rate_zone_type"": VIGOROUS, ""min_heart_rate_bpm"": 143, ""max_heart_rate_bpm"": 178},{""heart_rate_zone_type"": PEAK, ""min_heart_rate_bpm"": 179, ""max_heart_rate_bpm"": 220}",Fitbit App
2025-08-25T00:00:00Z,"{""heart_rate_zone_type"": LIGHT, ""min_heart_rate_bpm"": 30, ""max_heart_rate_bpm"": 114},{""heart_rate_zone_type"": MODERATE, ""min_heart_rate_bpm"": 115, ""max_heart_rate_bpm"": 142},{""heart_rate_zone_type"": VIGOROUS, ""min_heart_rate_bpm"": 143, ""max_heart_rate_bpm"": 178},{""heart_rate_zone_type"": PEAK, ""min_heart_rate_bpm"": 179, ""max_heart_rate_bpm"": 220}",Fitbit App
2025-08-26T00:00:00Z,"{""heart_rate_zone_type"": LIGHT, ""min_heart_rate_bpm"": 30, ""max_heart_rate_bpm"": 114},{""heart_rate_zone_type"": MODERATE, ""min_heart_rate_bpm"": 115, ""max_heart_rate_bpm"": 143},{""heart_rate_zone_type"": VIGOROUS, ""min_heart_rate_bpm"": 144, ""max_heart_rate_bpm"": 178},{""heart_rate_zone_type"": PEAK, ""min_heart_rate_bpm"": 179, ""max_heart_rate_bpm"": 220}",Fitbit App
2025-08-27T00:00:00Z,"{""heart_rate_zone_type"": LIGHT, ""min_heart_rate_bpm"": 30, ""max_heart_rate_bpm"": 116},{""heart_rate_zone_type"": MODERATE, ""min_heart_rate_bpm"": 117, ""max_heart_rate_bpm"": 144},{""heart_rate_zone_type"": VIGOROUS, ""min_heart_rate_bpm"": 145, ""max_heart_rate_bpm"": 179},{""heart_rate_zone_type"": PEAK, ""min_heart_rate_bpm"": 180, ""max_heart_rate_bpm"": 220}",Fitbit App
2025-08-28T00:00:00Z,"{""heart_rate_zone_type"": LIGHT, ""min_heart_rate_bpm"": 30, ""max_heart_rate_bpm"": 117},{""heart_rate_zone_type"": MODERATE, ""min_heart_rate_bpm"": 118, ""max_heart_rate_bpm"": 144},{""heart_rate_zone_type"": VIGOROUS, ""min_heart_rate_bpm"": 145, ""max_heart_rate_bpm"": 179},{""heart_rate_zone_type"": PEAK, ""min_heart_rate_bpm"": 180, ""max_heart_rate_bpm"": 220}",Fitbit App
2025-08-29T00:00:00Z,"{""heart_rate_zone_type"": LIGHT, ""min_heart_rate_bpm"": 30, ""max_heart_rate_bpm"": 117},{""heart_rate_zone_type"": MODERATE, ""min_heart_rate_bpm"": 118, ""max_heart_rate_bpm"": 144},{""heart_rate_zone_type"": VIGOROUS, ""min_heart_rate_bpm"": 145, ""max_heart_rate_bpm"": 179},{""heart_rate_zone_type"": PEAK, ""min_heart_rate_bpm"": 180, ""max_heart_rate_bpm"": 220}",Fitbit App
2025-08-30T00:00:00Z,"{""heart_rate_zone_type"": LIGHT, ""min_heart_rate_bpm"": 30, ""max_heart_rate_bpm"": 116},{""heart_rate_zone_type"": MODERATE, ""min_heart_rate_bpm"": 117, ""max_heart_rate_bpm"": 144},{""heart_rate_zone_type"": VIGOROUS, ""min_heart_rate_bpm"": 145, ""max_heart_rate_bpm"": 179},{""heart_rate_zone_type"": PEAK, ""min_heart_rate_bpm"": 180, ""max_heart_rate_bpm"": 220}",Fitbit App
2025-08-31T00:00:00Z,"{""heart_rate_zone_type"": LIGHT, ""min_heart_rate_bpm"": 30, ""max_heart_rate_bpm"": 117},{""heart_rate_zone_type"": MODERATE, ""min_heart_rate_bpm"": 118, ""max_heart_rate_bpm"": 145},{""heart_rate_zone_type"": VIGOROUS, ""min_heart_rate_bpm"": 146, ""max_heart_rate_bpm"": 179},{""heart_rate_zone_type"": PEAK, ""min_heart_rate_bpm"": 180, ""max_heart_rate_bpm"": 220}",Fitbit App
2025-09-01T00:00:00Z,"{""heart_rate_zone_type"": LIGHT, ""min_heart_rate_bpm"": 30, ""max_heart_rate_bpm"": 117},{""heart_rate_zone_type"": MODERATE, ""min_heart_rate_bpm"": 118, ""max_heart_rate_bpm"": 145},{""heart_rate_zone_type"": VIGOROUS, ""min_heart_rate_bpm"": 146, ""max_heart_rate_bpm"": 179},{""heart_rate_zone_type"": PEAK, ""min_heart_rate_bpm"": 180, ""max_heart_rate_bpm"": 220}",Fitbit App
2025-09-02T00:00:00Z,"{""heart_rate_zone_type"": LIGHT, ""min_heart_rate_bpm"": 30, ""max_heart_rate_bpm"": 117},{""heart_rate_zone_type"": MODERATE, ""min_heart_rate_bpm"": 118, ""max_heart_rate_bpm"": 145},{""heart_rate_zone_type"": VIGOROUS, ""min_heart_rate_bpm"": 146, ""max_heart_rate_bpm"": 179},{""heart_rate_zone_type"": PEAK, ""min_heart_rate_bpm"": 180, ""max_heart_rate_bpm"": 220}",Fitbit App
2025-09-03T00:00:00Z,"{""heart_rate_zone_type"": LIGHT, ""min_heart_rate_bpm"": 30, ""max_heart_rate_bpm"": 116},{""heart_rate_zone_type"": MODERATE, ""min_heart_rate_bpm"": 117, ""max_heart_rate_bpm"": 144},{""heart_rate_zone_type"": VIGOROUS, ""min_heart_rate_bpm"": 145, ""max_heart_rate_bpm"": 179},{""heart_rate_zone_type"": PEAK, ""min_heart_rate_bpm"": 180, ""max_heart_rate_bpm"": 220}",Fitbit App
2025-09-04T00:00:00Z,"{""heart_rate_zone_type"": LIGHT, ""min_heart_rate_bpm"": 30, ""max_heart_rate_bpm"": 115},{""heart_rate_zone_type"": MODERATE, ""min_heart_rate_bpm"": 116, ""max_heart_rate_bpm"": 143},{""heart_rate_zone_type"": VIGOROUS, ""min_heart_rate_bpm"": 144, ""max_heart_rate_bpm"": 178},{""heart_rate_zone_type"": PEAK, ""min_heart_rate_bpm"": 179, ""max_heart_rate_bpm"": 220}",Fitbit App
2025-09-05T00:00:00Z,"{""heart_rate_zone_type"": LIGHT, ""min_heart_rate_bpm"": 30, ""max_heart_rate_bpm"": 114},{""heart_rate_zone_type"": MODERATE, ""min_heart_rate_bpm"": 115, ""max_heart_rate_bpm"": 143},{""heart_rate_zone_type"": VIGOROUS, ""min_heart_rate_bpm"": 144, ""max_heart_rate_bpm"": 178},{""heart_rate_zone_type"": PEAK, ""min_heart_rate_bpm"": 179, ""max_heart_rate_bpm"": 220}",Fitbit App
2025-09-06T00:00:00Z,"{""heart_rate_zone_type"": LIGHT, ""min_heart_rate_bpm"": 30, ""max_heart_rate_bpm"": 114},{""heart_rate_zone_type"": MODERATE, ""min_heart_rate_bpm"": 115, ""max_heart_rate_bpm"": 143},{""heart_rate_zone_type"": VIGOROUS, ""min_heart_rate_bpm"": 144, ""max_heart_rate_bpm"": 178},{""heart_rate_zone_type"": PEAK, ""min_heart_rate_bpm"": 179, ""max_heart_rate_bpm"": 220}",Fitbit App
2025-09-07T00:00:00Z,"{""heart_rate_zone_type"": LIGHT, ""min_heart_rate_bpm"": 30, ""max_heart_rate_bpm"": 115},{""heart_rate_zone_type"": MODERATE, ""min_heart_rate_bpm"": 116, ""max_heart_rate_bpm"": 143},{""heart_rate_zone_type"": VIGOROUS, ""min_heart_rate_bpm"": 144, ""max_heart_rate_bpm"": 178},{""heart_rate_zone_type"": PEAK, ""min_heart_rate_bpm"": 179, ""max_heart_rate_bpm"": 220}",Fitbit App
2025-09-08T00:00:00Z,"{""heart_rate_zone_type"": LIGHT, ""min_heart_rate_bpm"": 30, ""max_heart_rate_bpm"": 116},{""heart_rate_zone_type"": MODERATE, ""min_heart_rate_bpm"": 117, ""max_heart_rate_bpm"": 144},{""heart_rate_zone_type"": VIGOROUS, ""min_heart_rate_bpm"": 145, ""max_heart_rate_bpm"": 179},{""heart_rate_zone_type"": PEAK, ""min_heart_rate_bpm"": 180, ""max_heart_rate_bpm"": 220}",Fitbit App
2025-09-09T00:00:00Z,"{""heart_rate_zone_type"": LIGHT, ""min_heart_rate_bpm"": 30, ""max_heart_rate_bpm"": 116},{""heart_rate_zone_type"": MODERATE, ""min_heart_rate_bpm"": 117, ""max_heart_rate_bpm"": 144},{""heart_rate_zone_type"": VIGOROUS, ""min_heart_rate_bpm"": 145, ""max_heart_rate_bpm"": 179},{""heart_rate_zone_type"": PEAK, ""min_heart_rate_bpm"": 180, ""max_heart_rate_bpm"": 220}",Fitbit App
2025-09-10T00:00:00Z,"{""heart_rate_zone_type"": LIGHT, ""min_heart_rate_bpm"": 30, ""max_heart_rate_bpm"": 116},{""heart_rate_zone_type"": MODERATE, ""min_heart_rate_bpm"": 117, ""max_heart_rate_bpm"": 144},{""heart_rate_zone_type"": VIGOROUS, ""min_heart_rate_bpm"": 145, ""max_heart_rate_bpm"": 179},{""heart_rate_zone_type"": PEAK, ""min_heart_rate_bpm"": 180, ""max_heart_rate_bpm"": 220}",Fitbit App
2025-09-11T00:00:00Z,"{""heart_rate_zone_type"": LIGHT, ""min_heart_rate_bpm"": 30, ""max_heart_rate_bpm"": 117},{""heart_rate_zone_type"": MODERATE, ""min_heart_rate_bpm"": 118, ""max_heart_rate_bpm"": 144},{""heart_rate_zone_type"": VIGOROUS, ""min_heart_rate_bpm"": 145, ""max_heart_rate_bpm"": 179},{""heart_rate_zone_type"": PEAK, ""min_heart_rate_bpm"": 180, ""max_heart_rate_bpm"": 220}",Fitbit App
2025-09-12T00:00:00Z,"{""heart_rate_zone_type"": LIGHT, ""min_heart_rate_bpm"": 30, ""max_heart_rate_bpm"": 117},{""heart_rate_zone_type"": MODERATE, ""min_heart_rate_bpm"": 118, ""max_heart_rate_bpm"": 144},{""heart_rate_zone_type"": VIGOROUS, ""min_heart_rate_bpm"": 145, ""max_heart_rate_bpm"": 179},{""heart_rate_zone_type"": PEAK, ""min_heart_rate_bpm"": 180, ""max_heart_rate_bpm"": 220}",Fitbit App
2025-09-13T00:00:00Z,"{""heart_rate_zone_type"": LIGHT, ""min_heart_rate_bpm"": 30, ""max_heart_rate_bpm"": 117},{""heart_rate_zone_type"": MODERATE, ""min_heart_rate_bpm"": 118, ""max_heart_rate_bpm"": 145},{""heart_rate_zone_type"": VIGOROUS, ""min_heart_rate_bpm"": 146, ""max_heart_rate_bpm"": 179},{""heart_rate_zone_type"": PEAK, ""min_heart_rate_bpm"": 180, ""max_heart_rate_bpm"": 220}",Fitbit App
2025-09-14T00:00:00Z,"{""heart_rate_zone_type"": LIGHT, ""min_heart_rate_bpm"": 30, ""max_heart_rate_bpm"": 117},{""heart_rate_zone_type"": MODERATE, ""min_heart_rate_bpm"": 118, ""max_heart_rate_bpm"": 144},{""heart_rate_zone_type"": VIGOROUS, ""min_heart_rate_bpm"": 145, ""max_heart_rate_bpm"": 179},{""heart_rate_zone_type"": PEAK, ""min_heart_rate_bpm"": 180, ""max_heart_rate_bpm"": 220}",Fitbit App
2025-09-15T00:00:00Z,"{""heart_rate_zone_type"": LIGHT, ""min_heart_rate_bpm"": 30, ""max_heart_rate_bpm"": 117},{""heart_rate_zone_type"": MODERATE, ""min_heart_rate_bpm"": 118, ""max_heart_rate_bpm"": 144},{""heart_rate_zone_type"": VIGOROUS, ""min_heart_rate_bpm"": 145, ""max_heart_rate_bpm"": 179},{""heart_rate_zone_type"": PEAK, ""min_heart_rate_bpm"": 180, ""max_heart_rate_bpm"": 220}",Fitbit App
2025-09-16T00:00:00Z,"{""heart_rate_zone_type"": LIGHT, ""min_heart_rate_bpm"": 30, ""max_heart_rate_bpm"": 116},{""heart_rate_zone_type"": MODERATE, ""min_heart_rate_bpm"": 117, ""max_heart_rate_bpm"": 144},{""heart_rate_zone_type"": VIGOROUS, ""min_heart_rate_bpm"": 145, ""max_heart_rate_bpm"": 179},{""heart_rate_zone_type"": PEAK, ""min_heart_rate_bpm"": 180, ""max_heart_rate_bpm"": 220}",Fitbit App
2025-09-17T00:00:00Z,"{""heart_rate_zone_type"": LIGHT, ""min_heart_rate_bpm"": 30, ""max_heart_rate_bpm"": 116},{""heart_rate_zone_type"": MODERATE, ""min_heart_rate_bpm"": 117, ""max_heart_rate_bpm"": 144},{""heart_rate_zone_type"": VIGOROUS, ""min_heart_rate_bpm"": 145, ""max_heart_rate_bpm"": 179},{""heart_rate_zone_type"": PEAK, ""min_heart_rate_bpm"": 180, ""max_heart_rate_bpm"": 220}",Fitbit App
2025-09-18T00:00:00Z,"{""heart_rate_zone_type"": LIGHT, ""min_heart_rate_bpm"": 30, ""max_heart_rate_bpm"": 117},{""heart_rate_zone_type"": MODERATE, ""min_heart_rate_bpm"": 118, ""max_heart_rate_bpm"": 144},{""heart_rate_zone_type"": VIGOROUS, ""min_heart_rate_bpm"": 145, ""max_heart_rate_bpm"": 179},{""heart_rate_zone_type"": PEAK, ""min_heart_rate_bpm"": 180, ""max_heart_rate_bpm"": 220}",Fitbit App
2025-09-19T00:00:00Z,"{""heart_rate_zone_type"": LIGHT, ""min_heart_rate_bpm"": 30, ""max_heart_rate_bpm"": 117},{""heart_rate_zone_type"": MODERATE, ""min_heart_rate_bpm"": 118, ""max_heart_rate_bpm"": 144},{""heart_rate_zone_type"": VIGOROUS, ""min_heart_rate_bpm"": 145, ""max_heart_rate_bpm"": 179},{""heart_rate_zone_type"": PEAK, ""min_heart_rate_bpm"": 180, ""max_heart_rate_bpm"": 220}",Fitbit App
2025-09-20T00:00:00Z,"{""heart_rate_zone_type"": LIGHT, ""min_heart_rate_bpm"": 30, ""max_heart_rate_bpm"": 117},{""heart_rate_zone_type"": MODERATE, ""min_heart_rate_bpm"": 118, ""max_heart_rate_bpm"": 145},{""heart_rate_zone_type"": VIGOROUS, ""min_heart_rate_bpm"": 146, ""max_heart_rate_bpm"": 179},{""heart_rate_zone_type"": PEAK, ""min_heart_rate_bpm"": 180, ""max_heart_rate_bpm"": 220}",Fitbit App
2025-09-21T00:00:00Z,"{""heart_rate_zone_type"": LIGHT, ""min_heart_rate_bpm"": 30, ""max_heart_rate_bpm"": 117},{""heart_rate_zone_type"": MODERATE, ""min_heart_rate_bpm"": 118, ""max_heart_rate_bpm"": 145},{""heart_rate_zone_type"": VIGOROUS, ""min_heart_rate_bpm"": 146, ""max_heart_rate_bpm"": 179},{""heart_rate_zone_type"": PEAK, ""min_heart_rate_bpm"": 180, ""max_heart_rate_bpm"": 220}",Fitbit App
2025-09-22T00:00:00Z,"{""heart_rate_zone_type"": LIGHT, ""min_heart_rate_bpm"": 30, ""max_heart_rate_bpm"": 119},{""heart_rate_zone_type"": MODERATE, ""min_heart_rate_bpm"": 120, ""max_heart_rate_bpm"": 146},{""heart_rate_zone_type"": VIGOROUS, ""min_heart_rate_bpm"": 147, ""max_heart_rate_bpm"": 179},{""heart_rate_zone_type"": PEAK, ""min_heart_rate_bpm"": 180, ""max_heart_rate_bpm"": 220}",Fitbit App
2025-09-23T00:00:00Z,"{""heart_rate_zone_type"": LIGHT, ""min_heart_rate_bpm"": 30, ""max_heart_rate_bpm"": 117},{""heart_rate_zone_type"": MODERATE, ""min_heart_rate_bpm"": 118, ""max_heart_rate_bpm"": 145},{""heart_rate_zone_type"": VIGOROUS, ""min_heart_rate_bpm"": 146, ""max_heart_rate_bpm"": 179},{""heart_rate_zone_type"": PEAK, ""min_heart_rate_bpm"": 180, ""max_heart_rate_bpm"": 220}",Fitbit App
2025-09-24T00:00:00Z,"{""heart_rate_zone_type"": LIGHT, ""min_heart_rate_bpm"": 30, ""max_heart_rate_bpm"": 119},{""heart_rate_zone_type"": MODERATE, ""min_heart_rate_bpm"": 120, ""max_heart_rate_bpm"": 146},{""heart_rate_zone_type"": VIGOROUS, ""min_heart_rate_bpm"": 147, ""max_heart_rate_bpm"": 179},{""heart_rate_zone_type"": PEAK, ""min_heart_rate_bpm"": 180, ""max_heart_rate_bpm"": 220}",Fitbit App
2025-09-25T00:00:00Z,"{""heart_rate_zone_type"": LIGHT, ""min_heart_rate_bpm"": 30, ""max_heart_rate_bpm"": 117},{""heart_rate_zone_type"": MODERATE, ""min_heart_rate_bpm"": 118, ""max_heart_rate_bpm"": 145},{""heart_rate_zone_type"": VIGOROUS, ""min_heart_rate_bpm"": 146, ""max_heart_rate_bpm"": 179},{""heart_rate_zone_type"": PEAK, ""min_heart_rate_bpm"": 180, ""max_heart_rate_bpm"": 220}",Fitbit App
2025-09-26T00:00:00Z,"{""heart_rate_zone_type"": LIGHT, ""min_heart_rate_bpm"": 30, ""max_heart_rate_bpm"": 119},{""heart_rate_zone_type"": MODERATE, ""min_heart_rate_bpm"": 120, ""max_heart_rate_bpm"": 146},{""heart_rate_zone_type"": VIGOROUS, ""min_heart_rate_bpm"": 147, ""max_heart_rate_bpm"": 179},{""heart_rate_zone_type"": PEAK, ""min_heart_rate_bpm"": 180, ""max_heart_rate_bpm"": 220}",Fitbit App
2025-09-27T00:00:00Z,"{""heart_rate_zone_type"": LIGHT, ""min_heart_rate_bpm"": 30, ""max_heart_rate_bpm"": 120},{""heart_rate_zone_type"": MODERATE, ""min_heart_rate_bpm"": 121, ""max_heart_rate_bpm"": 146},{""heart_rate_zone_type"": VIGOROUS, ""min_heart_rate_bpm"": 147, ""max_heart_rate_bpm"": 180},{""heart_rate_zone_type"": PEAK, ""min_heart_rate_bpm"": 181, ""max_heart_rate_bpm"": 220}",Fitbit App
2025-09-28T00:00:00Z,"{""heart_rate_zone_type"": LIGHT, ""min_heart_rate_bpm"": 30, ""max_heart_rate_bpm"": 119},{""heart_rate_zone_type"": MODERATE, ""min_heart_rate_bpm"": 120, ""max_heart_rate_bpm"": 146},{""heart_rate_zone_type"": VIGOROUS, ""min_heart_rate_bpm"": 147, ""max_heart_rate_bpm"": 179},{""heart_rate_zone_type"": PEAK, ""min_heart_rate_bpm"": 180, ""max_heart_rate_bpm"": 220}",Fitbit App
2025-09-29T00:00:00Z,"{""heart_rate_zone_type"": LIGHT, ""min_heart_rate_bpm"": 30, ""max_heart_rate_bpm"": 117},{""heart_rate_zone_type"": MODERATE, ""min_heart_rate_bpm"": 118, ""max_heart_rate_bpm"": 145},{""heart_rate_zone_type"": VIGOROUS, ""min_heart_rate_bpm"": 146, ""max_heart_rate_bpm"": 179},{""heart_rate_zone_type"": PEAK, ""min_heart_rate_bpm"": 180, ""max_heart_rate_bpm"": 220}",Fitbit App
2025-09-30T00:00:00Z,"{""heart_rate_zone_type"": LIGHT, ""min_heart_rate_bpm"": 30, ""max_heart_rate_bpm"": 116},{""heart_rate_zone_type"": MODERATE, ""min_heart_rate_bpm"": 117, ""max_heart_rate_bpm"": 144},{""heart_rate_zone_type"": VIGOROUS, ""min_heart_rate_bpm"": 145, ""max_heart_rate_bpm"": 179},{""heart_rate_zone_type"": PEAK, ""min_heart_rate_bpm"": 180, ""max_heart_rate_bpm"": 220}",Fitbit App
2025-10-01T00:00:00Z,"{""heart_rate_zone_type"": LIGHT, ""min_heart_rate_bpm"": 30, ""max_heart_rate_bpm"": 115},{""heart_rate_zone_type"": MODERATE, ""min_heart_rate_bpm"": 116, ""max_heart_rate_bpm"": 143},{""heart_rate_zone_type"": VIGOROUS, ""min_heart_rate_bpm"": 144, ""max_heart_rate_bpm"": 178},{""heart_rate_zone_type"": PEAK, ""min_heart_rate_bpm"": 179, ""max_heart_rate_bpm"": 220}",Fitbit App
2025-10-02T00:00:00Z,"{""heart_rate_zone_type"": LIGHT, ""min_heart_rate_bpm"": 30, ""max_heart_rate_bpm"": 116},{""heart_rate_zone_type"": MODERATE, ""min_heart_rate_bpm"": 117, ""max_heart_rate_bpm"": 144},{""heart_rate_zone_type"": VIGOROUS, ""min_heart_rate_bpm"": 145, ""max_heart_rate_bpm"": 179},{""heart_rate_zone_type"": PEAK, ""min_heart_rate_bpm"": 180, ""max_heart_rate_bpm"": 220}",Fitbit App
2025-10-03T00:00:00Z,"{""heart_rate_zone_type"": LIGHT, ""min_heart_rate_bpm"": 30, ""max_heart_rate_bpm"": 116},{""heart_rate_zone_type"": MODERATE, ""min_heart_rate_bpm"": 117, ""max_heart_rate_bpm"": 144},{""heart_rate_zone_type"": VIGOROUS, ""min_heart_rate_bpm"": 145, ""max_heart_rate_bpm"": 179},{""heart_rate_zone_type"": PEAK, ""min_heart_rate_bpm"": 180, ""max_heart_rate_bpm"": 220}",Fitbit App
2025-10-04T00:00:00Z,"{""heart_rate_zone_type"": LIGHT, ""min_heart_rate_bpm"": 30, ""max_heart_rate_bpm"": 117},{""heart_rate_zone_type"": MODERATE, ""min_heart_rate_bpm"": 118, ""max_heart_rate_bpm"": 144},{""heart_rate_zone_type"": VIGOROUS, ""min_heart_rate_bpm"": 145, ""max_heart_rate_bpm"": 179},{""heart_rate_zone_type"": PEAK, ""min_heart_rate_bpm"": 180, ""max_heart_rate_bpm"": 220}",Fitbit App
2025-10-05T00:00:00Z,"{""heart_rate_zone_type"": LIGHT, ""min_heart_rate_bpm"": 30, ""max_heart_rate_bpm"": 116},{""heart_rate_zone_type"": MODERATE, ""min_heart_rate_bpm"": 117, ""max_heart_rate_bpm"": 144},{""heart_rate_zone_type"": VIGOROUS, ""min_heart_rate_bpm"": 145, ""max_heart_rate_bpm"": 179},{""heart_rate_zone_type"": PEAK, ""min_heart_rate_bpm"": 180, ""max_heart_rate_bpm"": 220}",Fitbit App
2025-10-06T00:00:00Z,"{""heart_rate_zone_type"": LIGHT, ""min_heart_rate_bpm"": 30, ""max_heart_rate_bpm"": 117},{""heart_rate_zone_type"": MODERATE, ""min_heart_rate_bpm"": 118, ""max_heart_rate_bpm"": 144},{""heart_rate_zone_type"": VIGOROUS, ""min_heart_rate_bpm"": 145, ""max_heart_rate_bpm"": 179},{""heart_rate_zone_type"": PEAK, ""min_heart_rate_bpm"": 180, ""max_heart_rate_bpm"": 220}",Fitbit App
2025-10-07T00:00:00Z,"{""heart_rate_zone_type"": LIGHT, ""min_heart_rate_bpm"": 30, ""max_heart_rate_bpm"": 116},{""heart_rate_zone_type"": MODERATE, ""min_heart_rate_bpm"": 117, ""max_heart_rate_bpm"": 144},{""heart_rate_zone_type"": VIGOROUS, ""min_heart_rate_bpm"": 145, ""max_heart_rate_bpm"": 179},{""heart_rate_zone_type"": PEAK, ""min_heart_rate_bpm"": 180, ""max_heart_rate_bpm"": 220}",Fitbit App
2025-10-08T00:00:00Z,"{""heart_rate_zone_type"": LIGHT, ""min_heart_rate_bpm"": 30, ""max_heart_rate_bpm"": 116},{""heart_rate_zone_type"": MODERATE, ""min_heart_rate_bpm"": 117, ""max_heart_rate_bpm"": 144},{""heart_rate_zone_type"": VIGOROUS, ""min_heart_rate_bpm"": 145, ""max_heart_rate_bpm"": 179},{""heart_rate_zone_type"": PEAK, ""min_heart_rate_bpm"": 180, ""max_heart_rate_bpm"": 220}",Fitbit App
2025-10-09T00:00:00Z,"{""heart_rate_zone_type"": LIGHT, ""min_heart_rate_bpm"": 30, ""max_heart_rate_bpm"": 117},{""heart_rate_zone_type"": MODERATE, ""min_heart_rate_bpm"": 118, ""max_heart_rate_bpm"": 145},{""heart_rate_zone_type"": VIGOROUS, ""min_heart_rate_bpm"": 146, ""max_heart_rate_bpm"": 179},{""heart_rate_zone_type"": PEAK, ""min_heart_rate_bpm"": 180, ""max_heart_rate_bpm"": 220}",Fitbit App
2025-10-10T00:00:00Z,"{""heart_rate_zone_type"": LIGHT, ""min_heart_rate_bpm"": 30, ""max_heart_rate_bpm"": 117},{""heart_rate_zone_type"": MODERATE, ""min_heart_rate_bpm"": 118, ""max_heart_rate_bpm"": 144},{""heart_rate_zone_type"": VIGOROUS, ""min_heart_rate_bpm"": 145, ""max_heart_rate_bpm"": 179},{""heart_rate_zone_type"": PEAK, ""min_heart_rate_bpm"": 180, ""max_heart_rate_bpm"": 220}",Fitbit App
2025-10-11T00:00:00Z,"{""heart_rate_zone_type"": LIGHT, ""min_heart_rate_bpm"": 30, ""max_heart_rate_bpm"": 117},{""heart_rate_zone_type"": MODERATE, ""min_heart_rate_bpm"": 118, ""max_heart_rate_bpm"": 145},{""heart_rate_zone_type"": VIGOROUS, ""min_heart_rate_bpm"": 146, ""max_heart_rate_bpm"": 179},{""heart_rate_zone_type"": PEAK, ""min_heart_rate_bpm"": 180, ""max_heart_rate_bpm"": 220}",Fitbit App
2025-10-12T00:00:00Z,"{""heart_rate_zone_type"": LIGHT, ""min_heart_rate_bpm"": 30, ""max_heart_rate_bpm"": 116},{""heart_rate_zone_type"": MODERATE, ""min_heart_rate_bpm"": 117, ""max_heart_rate_bpm"": 144},{""heart_rate_zone_type"": VIGOROUS, ""min_heart_rate_bpm"": 145, ""max_heart_rate_bpm"": 179},{""heart_rate_zone_type"": PEAK, ""min_heart_rate_bpm"": 180, ""max_heart_rate_bpm"": 220}",Fitbit App
2025-10-13T00:00:00Z,"{""heart_rate_zone_type"": LIGHT, ""min_heart_rate_bpm"": 30, ""max_heart_rate_bpm"": 118},{""heart_rate_zone_type"": MODERATE, ""min_heart_rate_bpm"": 119, ""max_heart_rate_bpm"": 145},{""heart_rate_zone_type"": VIGOROUS, ""min_heart_rate_bpm"": 146, ""max_heart_rate_bpm"": 179},{""heart_rate_zone_type"": PEAK, ""min_heart_rate_bpm"": 180, ""max_heart_rate_bpm"": 220}",Fitbit App
2025-10-14T00:00:00Z,"{""heart_rate_zone_type"": LIGHT, ""min_heart_rate_bpm"": 30, ""max_heart_rate_bpm"": 117},{""heart_rate_zone_type"": MODERATE, ""min_heart_rate_bpm"": 118, ""max_heart_rate_bpm"": 144},{""heart_rate_zone_type"": VIGOROUS, ""min_heart_rate_bpm"": 145, ""max_heart_rate_bpm"": 179},{""heart_rate_zone_type"": PEAK, ""min_heart_rate_bpm"": 180, ""max_heart_rate_bpm"": 220}",Fitbit App
2025-10-15T00:00:00Z,"{""heart_rate_zone_type"": LIGHT, ""min_heart_rate_bpm"": 30, ""max_heart_rate_bpm"": 116},{""heart_rate_zone_type"": MODERATE, ""min_heart_rate_bpm"": 117, ""max_heart_rate_bpm"": 144},{""heart_rate_zone_type"": VIGOROUS, ""min_heart_rate_bpm"": 145, ""max_heart_rate_bpm"": 179},{""heart_rate_zone_type"": PEAK, ""min_heart_rate_bpm"": 180, ""max_heart_rate_bpm"": 220}",Fitbit App
2025-10-16T00:00:00Z,"{""heart_rate_zone_type"": LIGHT, ""min_heart_rate_bpm"": 30, ""max_heart_rate_bpm"": 115},{""heart_rate_zone_type"": MODERATE, ""min_heart_rate_bpm"": 116, ""max_heart_rate_bpm"": 143},{""heart_rate_zone_type"": VIGOROUS, ""min_heart_rate_bpm"": 144, ""max_heart_rate_bpm"": 178},{""heart_rate_zone_type"": PEAK, ""min_heart_rate_bpm"": 179, ""max_heart_rate_bpm"": 220}",Fitbit App
2025-10-17T00:00:00Z,"{""heart_rate_zone_type"": LIGHT, ""min_heart_rate_bpm"": 30, ""max_heart_rate_bpm"": 116},{""heart_rate_zone_type"": MODERATE, ""min_heart_rate_bpm"": 117, ""max_heart_rate_bpm"": 144},{""heart_rate_zone_type"": VIGOROUS, ""min_heart_rate_bpm"": 145, ""max_heart_rate_bpm"": 179},{""heart_rate_zone_type"": PEAK, ""min_heart_rate_bpm"": 180, ""max_heart_rate_bpm"": 220}",Fitbit App
2025-10-18T00:00:00Z,"{""heart_rate_zone_type"": LIGHT, ""min_heart_rate_bpm"": 30, ""max_heart_rate_bpm"": 115},{""heart_rate_zone_type"": MODERATE, ""min_heart_rate_bpm"": 116, ""max_heart_rate_bpm"": 143},{""heart_rate_zone_type"": VIGOROUS, ""min_heart_rate_bpm"": 144, ""max_heart_rate_bpm"": 178},{""heart_rate_zone_type"": PEAK, ""min_heart_rate_bpm"": 179, ""max_heart_rate_bpm"": 220}",Fitbit App
2025-10-19T00:00:00Z,"{""heart_rate_zone_type"": LIGHT, ""min_heart_rate_bpm"": 30, ""max_heart_rate_bpm"": 116},{""heart_rate_zone_type"": MODERATE, ""min_heart_rate_bpm"": 117, ""max_heart_rate_bpm"": 144},{""heart_rate_zone_type"": VIGOROUS, ""min_heart_rate_bpm"": 145, ""max_heart_rate_bpm"": 179},{""heart_rate_zone_type"": PEAK, ""min_heart_rate_bpm"": 180, ""max_heart_rate_bpm"": 220}",Fitbit App
2025-10-20T00:00:00Z,"{""heart_rate_zone_type"": LIGHT, ""min_heart_rate_bpm"": 30, ""max_heart_rate_bpm"": 116},{""heart_rate_zone_type"": MODERATE, ""min_heart_rate_bpm"": 117, ""max_heart_rate_bpm"": 144},{""heart_rate_zone_type"": VIGOROUS, ""min_heart_rate_bpm"": 145, ""max_heart_rate_bpm"": 179},{""heart_rate_zone_type"": PEAK, ""min_heart_rate_bpm"": 180, ""max_heart_rate_bpm"": 220}",Fitbit App
2025-10-21T00:00:00Z,"{""heart_rate_zone_type"": LIGHT, ""min_heart_rate_bpm"": 30, ""max_heart_rate_bpm"": 116},{""heart_rate_zone_type"": MODERATE, ""min_heart_rate_bpm"": 117, ""max_heart_rate_bpm"": 144},{""heart_rate_zone_type"": VIGOROUS, ""min_heart_rate_bpm"": 145, ""max_heart_rate_bpm"": 179},{""heart_rate_zone_type"": PEAK, ""min_heart_rate_bpm"": 180, ""max_heart_rate_bpm"": 220}",Fitbit App
2025-10-22T00:00:00Z,"{""heart_rate_zone_type"": LIGHT, ""min_heart_rate_bpm"": 30, ""max_heart_rate_bpm"": 117},{""heart_rate_zone_type"": MODERATE, ""min_heart_rate_bpm"": 118, ""max_heart_rate_bpm"": 145},{""heart_rate_zone_type"": VIGOROUS, ""min_heart_rate_bpm"": 146, ""max_heart_rate_bpm"": 179},{""heart_rate_zone_type"": PEAK, ""min_heart_rate_bpm"": 180, ""max_heart_rate_bpm"": 220}",Fitbit App
2025-10-23T00:00:00Z,"{""heart_rate_zone_type"": LIGHT, ""min_heart_rate_bpm"": 30, ""max_heart_rate_bpm"": 118},{""heart_rate_zone_type"": MODERATE, ""min_heart_rate_bpm"": 119, ""max_heart_rate_bpm"": 145},{""heart_rate_zone_type"": VIGOROUS, ""min_heart_rate_bpm"": 146, ""max_heart_rate_bpm"": 179},{""heart_rate_zone_type"": PEAK, ""min_heart_rate_bpm"": 180, ""max_heart_rate_bpm"": 220}",Fitbit App
2025-10-24T00:00:00Z,"{""heart_rate_zone_type"": LIGHT, ""min_heart_rate_bpm"": 30, ""max_heart_rate_bpm"": 117},{""heart_rate_zone_type"": MODERATE, ""min_heart_rate_bpm"": 118, ""max_heart_rate_bpm"": 145},{""heart_rate_zone_type"": VIGOROUS, ""min_heart_rate_bpm"": 146, ""max_heart_rate_bpm"": 179},{""heart_rate_zone_type"": PEAK, ""min_heart_rate_bpm"": 180, ""max_heart_rate_bpm"": 220}",Fitbit App
2025-10-25T00:00:00Z,"{""heart_rate_zone_type"": LIGHT, ""min_heart_rate_bpm"": 30, ""max_heart_rate_bpm"": 118},{""heart_rate_zone_type"": MODERATE, ""min_heart_rate_bpm"": 119, ""max_heart_rate_bpm"": 145},{""heart_rate_zone_type"": VIGOROUS, ""min_heart_rate_bpm"": 146, ""max_heart_rate_bpm"": 179},{""heart_rate_zone_type"": PEAK, ""min_heart_rate_bpm"": 180, ""max_heart_rate_bpm"": 220}",Fitbit App
2025-10-26T00:00:00Z,"{""heart_rate_zone_type"": LIGHT, ""min_heart_rate_bpm"": 30, ""max_heart_rate_bpm"": 117},{""heart_rate_zone_type"": MODERATE, ""min_heart_rate_bpm"": 118, ""max_heart_rate_bpm"": 144},{""heart_rate_zone_type"": VIGOROUS, ""min_heart_rate_bpm"": 145, ""max_heart_rate_bpm"": 179},{""heart_rate_zone_type"": PEAK, ""min_heart_rate_bpm"": 180, ""max_heart_rate_bpm"": 220}",Fitbit App
2025-10-27T00:00:00Z,"{""heart_rate_zone_type"": LIGHT, ""min_heart_rate_bpm"": 30, ""max_heart_rate_bpm"": 116},{""heart_rate_zone_type"": MODERATE, ""min_heart_rate_bpm"": 117, ""max_heart_rate_bpm"": 144},{""heart_rate_zone_type"": VIGOROUS, ""min_heart_rate_bpm"": 145, ""max_heart_rate_bpm"": 179},{""heart_rate_zone_type"": PEAK, ""min_heart_rate_bpm"": 180, ""max_heart_rate_bpm"": 220}",Fitbit App
2025-10-28T00:00:00Z,"{""heart_rate_zone_type"": LIGHT, ""min_heart_rate_bpm"": 30, ""max_heart_rate_bpm"": 115},{""heart_rate_zone_type"": MODERATE, ""min_heart_rate_bpm"": 116, ""max_heart_rate_bpm"": 143},{""heart_rate_zone_type"": VIGOROUS, ""min_heart_rate_bpm"": 144, ""max_heart_rate_bpm"": 178},{""heart_rate_zone_type"": PEAK, ""min_heart_rate_bpm"": 179, ""max_heart_rate_bpm"": 220}",Fitbit App
2025-10-29T00:00:00Z,"{""heart_rate_zone_type"": LIGHT, ""min_heart_rate_bpm"": 30, ""max_heart_rate_bpm"": 117},{""heart_rate_zone_type"": MODERATE, ""min_heart_rate_bpm"": 118, ""max_heart_rate_bpm"": 144},{""heart_rate_zone_type"": VIGOROUS, ""min_heart_rate_bpm"": 145, ""max_heart_rate_bpm"": 179},{""heart_rate_zone_type"": PEAK, ""min_heart_rate_bpm"": 180, ""max_heart_rate_bpm"": 220}",Fitbit App
2025-10-30T00:00:00Z,"{""heart_rate_zone_type"": LIGHT, ""min_heart_rate_bpm"": 30, ""max_heart_rate_bpm"": 116},{""heart_rate_zone_type"": MODERATE, ""min_heart_rate_bpm"": 117, ""max_heart_rate_bpm"": 144},{""heart_rate_zone_type"": VIGOROUS, ""min_heart_rate_bpm"": 145, ""max_heart_rate_bpm"": 179},{""heart_rate_zone_type"": PEAK, ""min_heart_rate_bpm"": 180, ""max_heart_rate_bpm"": 220}",Fitbit App
2025-10-31T00:00:00Z,"{""heart_rate_zone_type"": LIGHT, ""min_heart_rate_bpm"": 30, ""max_heart_rate_bpm"": 116},{""heart_rate_zone_type"": MODERATE, ""min_heart_rate_bpm"": 117, ""max_heart_rate_bpm"": 144},{""heart_rate_zone_type"": VIGOROUS, ""min_heart_rate_bpm"": 145, ""max_heart_rate_bpm"": 179},{""heart_rate_zone_type"": PEAK, ""min_heart_rate_bpm"": 180, ""max_heart_rate_bpm"": 220}",Fitbit App
2025-11-01T00:00:00Z,"{""heart_rate_zone_type"": LIGHT, ""min_heart_rate_bpm"": 30, ""max_heart_rate_bpm"": 116},{""heart_rate_zone_type"": MODERATE, ""min_heart_rate_bpm"": 117, ""max_heart_rate_bpm"": 144},{""heart_rate_zone_type"": VIGOROUS, ""min_heart_rate_bpm"": 145, ""max_heart_rate_bpm"": 179},{""heart_rate_zone_type"": PEAK, ""min_heart_rate_bpm"": 180, ""max_heart_rate_bpm"": 220}",Fitbit App
2025-11-02T00:00:00Z,"{""heart_rate_zone_type"": LIGHT, ""min_heart_rate_bpm"": 30, ""max_heart_rate_bpm"": 116},{""heart_rate_zone_type"": MODERATE, ""min_heart_rate_bpm"": 117, ""max_heart_rate_bpm"": 144},{""heart_rate_zone_type"": VIGOROUS, ""min_heart_rate_bpm"": 145, ""max_heart_rate_bpm"": 179},{""heart_rate_zone_type"": PEAK, ""min_heart_rate_bpm"": 180, ""max_heart_rate_bpm"": 220}",Fitbit App
2025-11-03T00:00:00Z,"{""heart_rate_zone_type"": LIGHT, ""min_heart_rate_bpm"": 30, ""max_heart_rate_bpm"": 116},{""heart_rate_zone_type"": MODERATE, ""min_heart_rate_bpm"": 117, ""max_heart_rate_bpm"": 144},{""heart_rate_zone_type"": VIGOROUS, ""min_heart_rate_bpm"": 145, ""max_heart_rate_bpm"": 179},{""heart_rate_zone_type"": PEAK, ""min_heart_rate_bpm"": 180, ""max_heart_rate_bpm"": 220}",Fitbit App
2025-11-04T00:00:00Z,"{""heart_rate_zone_type"": LIGHT, ""min_heart_rate_bpm"": 30, ""max_heart_rate_bpm"": 117},{""heart_rate_zone_type"": MODERATE, ""min_heart_rate_bpm"": 118, ""max_heart_rate_bpm"": 145},{""heart_rate_zone_type"": VIGOROUS, ""min_heart_rate_bpm"": 146, ""max_heart_rate_bpm"": 179},{""heart_rate_zone_type"": PEAK, ""min_heart_rate_bpm"": 180, ""max_heart_rate_bpm"": 220}",Fitbit App
2025-11-05T00:00:00Z,"{""heart_rate_zone_type"": LIGHT, ""min_heart_rate_bpm"": 30, ""max_heart_rate_bpm"": 117},{""heart_rate_zone_type"": MODERATE, ""min_heart_rate_bpm"": 118, ""max_heart_rate_bpm"": 144},{""heart_rate_zone_type"": VIGOROUS, ""min_heart_rate_bpm"": 145, ""max_heart_rate_bpm"": 179},{""heart_rate_zone_type"": PEAK, ""min_heart_rate_bpm"": 180, ""max_heart_rate_bpm"": 220}",Fitbit App
2025-11-06T00:00:00Z,"{""heart_rate_zone_type"": LIGHT, ""min_heart_rate_bpm"": 30, ""max_heart_rate_bpm"": 117},{""heart_rate_zone_type"": MODERATE, ""min_heart_rate_bpm"": 118, ""max_heart_rate_bpm"": 144},{""heart_rate_zone_type"": VIGOROUS, ""min_heart_rate_bpm"": 145, ""max_heart_rate_bpm"": 179},{""heart_rate_zone_type"": PEAK, ""min_heart_rate_bpm"": 180, ""max_heart_rate_bpm"": 220}",Fitbit App
2025-11-07T00:00:00Z,"{""heart_rate_zone_type"": LIGHT, ""min_heart_rate_bpm"": 30, ""max_heart_rate_bpm"": 117},{""heart_rate_zone_type"": MODERATE, ""min_heart_rate_bpm"": 118, ""max_heart_rate_bpm"": 145},{""heart_rate_zone_type"": VIGOROUS, ""min_heart_rate_bpm"": 146, ""max_heart_rate_bpm"": 179},{""heart_rate_zone_type"": PEAK, ""min_heart_rate_bpm"": 180, ""max_heart_rate_bpm"": 220}",Fitbit App
2025-11-08T00:00:00Z,"{""heart_rate_zone_type"": LIGHT, ""min_heart_rate_bpm"": 30, ""max_heart_rate_bpm"": 116},{""heart_rate_zone_type"": MODERATE, ""min_heart_rate_bpm"": 117, ""max_heart_rate_bpm"": 144},{""heart_rate_zone_type"": VIGOROUS, ""min_heart_rate_bpm"": 145, ""max_heart_rate_bpm"": 179},{""heart_rate_zone_type"": PEAK, ""min_heart_rate_bpm"": 180, ""max_heart_rate_bpm"": 220}",Fitbit App
2025-11-09T00:00:00Z,"{""heart_rate_zone_type"": LIGHT, ""min_heart_rate_bpm"": 30, ""max_heart_rate_bpm"": 116},{""heart_rate_zone_type"": MODERATE, ""min_heart_rate_bpm"": 117, ""max_heart_rate_bpm"": 144},{""heart_rate_zone_type"": VIGOROUS, ""min_heart_rate_bpm"": 145, ""max_heart_rate_bpm"": 179},{""heart_rate_zone_type"": PEAK, ""min_heart_rate_bpm"": 180, ""max_heart_rate_bpm"": 220}",Fitbit App
2025-11-10T00:00:00Z,"{""heart_rate_zone_type"": LIGHT, ""min_heart_rate_bpm"": 30, ""max_heart_rate_bpm"": 115},{""heart_rate_zone_type"": MODERATE, ""min_heart_rate_bpm"": 116, ""max_heart_rate_bpm"": 143},{""heart_rate_zone_type"": VIGOROUS, ""min_heart_rate_bpm"": 144, ""max_heart_rate_bpm"": 178},{""heart_rate_zone_type"": PEAK, ""min_heart_rate_bpm"": 179, ""max_heart_rate_bpm"": 220}",Fitbit App
2025-11-11T00:00:00Z,"{""heart_rate_zone_type"": LIGHT, ""min_heart_rate_bpm"": 30, ""max_heart_rate_bpm"": 114},{""heart_rate_zone_type"": MODERATE, ""min_heart_rate_bpm"": 115, ""max_heart_rate_bpm"": 142},{""heart_rate_zone_type"": VIGOROUS, ""min_heart_rate_bpm"": 143, ""max_heart_rate_bpm"": 178},{""heart_rate_zone_type"": PEAK, ""min_heart_rate_bpm"": 179, ""max_heart_rate_bpm"": 220}",Fitbit App
2025-11-12T00:00:00Z,"{""heart_rate_zone_type"": LIGHT, ""min_heart_rate_bpm"": 30, ""max_heart_rate_bpm"": 114},{""heart_rate_zone_type"": MODERATE, ""min_heart_rate_bpm"": 115, ""max_heart_rate_bpm"": 143},{""heart_rate_zone_type"": VIGOROUS, ""min_heart_rate_bpm"": 144, ""max_heart_rate_bpm"": 178},{""heart_rate_zone_type"": PEAK, ""min_heart_rate_bpm"": 179, ""max_heart_rate_bpm"": 220}",Fitbit App
2025-11-13T00:00:00Z,"{""heart_rate_zone_type"": LIGHT, ""min_heart_rate_bpm"": 30, ""max_heart_rate_bpm"": 116},{""heart_rate_zone_type"": MODERATE, ""min_heart_rate_bpm"": 117, ""max_heart_rate_bpm"": 144},{""heart_rate_zone_type"": VIGOROUS, ""min_heart_rate_bpm"": 145, ""max_heart_rate_bpm"": 179},{""heart_rate_zone_type"": PEAK, ""min_heart_rate_bpm"": 180, ""max_heart_rate_bpm"": 220}",Fitbit App
2025-11-14T00:00:00Z,"{""heart_rate_zone_type"": LIGHT, ""min_heart_rate_bpm"": 30, ""max_heart_rate_bpm"": 116},{""heart_rate_zone_type"": MODERATE, ""min_heart_rate_bpm"": 117, ""max_heart_rate_bpm"": 144},{""heart_rate_zone_type"": VIGOROUS, ""min_heart_rate_bpm"": 145, ""max_heart_rate_bpm"": 179},{""heart_rate_zone_type"": PEAK, ""min_heart_rate_bpm"": 180, ""max_heart_rate_bpm"": 220}",Fitbit App
2025-11-15T00:00:00Z,"{""heart_rate_zone_type"": LIGHT, ""min_heart_rate_bpm"": 30, ""max_heart_rate_bpm"": 116},{""heart_rate_zone_type"": MODERATE, ""min_heart_rate_bpm"": 117, ""max_heart_rate_bpm"": 144},{""heart_rate_zone_type"": VIGOROUS, ""min_heart_rate_bpm"": 145, ""max_heart_rate_bpm"": 179},{""heart_rate_zone_type"": PEAK, ""min_heart_rate_bpm"": 180, ""max_heart_rate_bpm"": 220}",Fitbit App
2025-11-16T00:00:00Z,"{""heart_rate_zone_type"": LIGHT, ""min_heart_rate_bpm"": 30, ""max_heart_rate_bpm"": 116},{""heart_rate_zone_type"": MODERATE, ""min_heart_rate_bpm"": 117, ""max_heart_rate_bpm"": 144},{""heart_rate_zone_type"": VIGOROUS, ""min_heart_rate_bpm"": 145, ""max_heart_rate_bpm"": 179},{""heart_rate_zone_type"": PEAK, ""min_heart_rate_bpm"": 180, ""max_heart_rate_bpm"": 220}",Fitbit App
2025-11-17T00:00:00Z,"{""heart_rate_zone_type"": LIGHT, ""min_heart_rate_bpm"": 30, ""max_heart_rate_bpm"": 115},{""heart_rate_zone_type"": MODERATE, ""min_heart_rate_bpm"": 116, ""max_heart_rate_bpm"": 143},{""heart_rate_zone_type"": VIGOROUS, ""min_heart_rate_bpm"": 144, ""max_heart_rate_bpm"": 178},{""heart_rate_zone_type"": PEAK, ""min_heart_rate_bpm"": 179, ""max_heart_rate_bpm"": 220}",Fitbit App
2025-11-18T00:00:00Z,"{""heart_rate_zone_type"": LIGHT, ""min_heart_rate_bpm"": 30, ""max_heart_rate_bpm"": 116},{""heart_rate_zone_type"": MODERATE, ""min_heart_rate_bpm"": 117, ""max_heart_rate_bpm"": 144},{""heart_rate_zone_type"": VIGOROUS, ""min_heart_rate_bpm"": 145, ""max_heart_rate_bpm"": 179},{""heart_rate_zone_type"": PEAK, ""min_heart_rate_bpm"": 180, ""max_heart_rate_bpm"": 220}",Fitbit App
2025-11-19T00:00:00Z,"{""heart_rate_zone_type"": LIGHT, ""min_heart_rate_bpm"": 30, ""max_heart_rate_bpm"": 116},{""heart_rate_zone_type"": MODERATE, ""min_heart_rate_bpm"": 117, ""max_heart_rate_bpm"": 144},{""heart_rate_zone_type"": VIGOROUS, ""min_heart_rate_bpm"": 145, ""max_heart_rate_bpm"": 179},{""heart_rate_zone_type"": PEAK, ""min_heart_rate_bpm"": 180, ""max_heart_rate_bpm"": 220}",Fitbit App
2025-11-20T00:00:00Z,"{""heart_rate_zone_type"": LIGHT, ""min_heart_rate_bpm"": 30, ""max_heart_rate_bpm"": 118},{""heart_rate_zone_type"": MODERATE, ""min_heart_rate_bpm"": 119, ""max_heart_rate_bpm"": 145},{""heart_rate_zone_type"": VIGOROUS, ""min_heart_rate_bpm"": 146, ""max_heart_rate_bpm"": 179},{""heart_rate_zone_type"": PEAK, ""min_heart_rate_bpm"": 180, ""max_heart_rate_bpm"": 220}",Fitbit App
2025-11-21T00:00:00Z,"{""heart_rate_zone_type"": LIGHT, ""min_heart_rate_bpm"": 30, ""max_heart_rate_bpm"": 117},{""heart_rate_zone_type"": MODERATE, ""min_heart_rate_bpm"": 118, ""max_heart_rate_bpm"": 145},{""heart_rate_zone_type"": VIGOROUS, ""min_heart_rate_bpm"": 146, ""max_heart_rate_bpm"": 179},{""heart_rate_zone_type"": PEAK, ""min_heart_rate_bpm"": 180, ""max_heart_rate_bpm"": 220}",Fitbit App
2025-11-22T00:00:00Z,"{""heart_rate_zone_type"": LIGHT, ""min_heart_rate_bpm"": 30, ""max_heart_rate_bpm"": 119},{""heart_rate_zone_type"": MODERATE, ""min_heart_rate_bpm"": 120, ""max_heart_rate_bpm"": 146},{""heart_rate_zone_type"": VIGOROUS, ""min_heart_rate_bpm"": 147, ""max_heart_rate_bpm"": 179},{""heart_rate_zone_type"": PEAK, ""min_heart_rate_bpm"": 180, ""max_heart_rate_bpm"": 220}",Fitbit App
2025-11-23T00:00:00Z,"{""heart_rate_zone_type"": LIGHT, ""min_heart_rate_bpm"": 30, ""max_heart_rate_bpm"": 119},{""heart_rate_zone_type"": MODERATE, ""min_heart_rate_bpm"": 120, ""max_heart_rate_bpm"": 146},{""heart_rate_zone_type"": VIGOROUS, ""min_heart_rate_bpm"": 147, ""max_heart_rate_bpm"": 179},{""heart_rate_zone_type"": PEAK, ""min_heart_rate_bpm"": 180, ""max_heart_rate_bpm"": 220}",Fitbit App
2025-11-24T00:00:00Z,"{""heart_rate_zone_type"": LIGHT, ""min_heart_rate_bpm"": 30, ""max_heart_rate_bpm"": 117},{""heart_rate_zone_type"": MODERATE, ""min_heart_rate_bpm"": 118, ""max_heart_rate_bpm"": 145},{""heart_rate_zone_type"": VIGOROUS, ""min_heart_rate_bpm"": 146, ""max_heart_rate_bpm"": 179},{""heart_rate_zone_type"": PEAK, ""min_heart_rate_bpm"": 180, ""max_heart_rate_bpm"": 220}",Fitbit App
2025-11-25T00:00:00Z,"{""heart_rate_zone_type"": LIGHT, ""min_heart_rate_bpm"": 30, ""max_heart_rate_bpm"": 116},{""heart_rate_zone_type"": MODERATE, ""min_heart_rate_bpm"": 117, ""max_heart_rate_bpm"": 144},{""heart_rate_zone_type"": VIGOROUS, ""min_heart_rate_bpm"": 145, ""max_heart_rate_bpm"": 179},{""heart_rate_zone_type"": PEAK, ""min_heart_rate_bpm"": 180, ""max_heart_rate_bpm"": 220}",Fitbit App
2025-11-26T00:00:00Z,"{""heart_rate_zone_type"": LIGHT, ""min_heart_rate_bpm"": 30, ""max_heart_rate_bpm"": 116},{""heart_rate_zone_type"": MODERATE, ""min_heart_rate_bpm"": 117, ""max_heart_rate_bpm"": 144},{""heart_rate_zone_type"": VIGOROUS, ""min_heart_rate_bpm"": 145, ""max_heart_rate_bpm"": 179},{""heart_rate_zone_type"": PEAK, ""min_heart_rate_bpm"": 180, ""max_heart_rate_bpm"": 220}",Fitbit App
2025-11-27T00:00:00Z,"{""heart_rate_zone_type"": LIGHT, ""min_heart_rate_bpm"": 30, ""max_heart_rate_bpm"": 116},{""heart_rate_zone_type"": MODERATE, ""min_heart_rate_bpm"": 117, ""max_heart_rate_bpm"": 144},{""heart_rate_zone_type"": VIGOROUS, ""min_heart_rate_bpm"": 145, ""max_heart_rate_bpm"": 179},{""heart_rate_zone_type"": PEAK, ""min_heart_rate_bpm"": 180, ""max_heart_rate_bpm"": 220}",Fitbit App
2025-11-28T00:00:00Z,"{""heart_rate_zone_type"": LIGHT, ""min_heart_rate_bpm"": 30, ""max_heart_rate_bpm"": 117},{""heart_rate_zone_type"": MODERATE, ""min_heart_rate_bpm"": 118, ""max_heart_rate_bpm"": 144},{""heart_rate_zone_type"": VIGOROUS, ""min_heart_rate_bpm"": 145, ""max_heart_rate_bpm"": 179},{""heart_rate_zone_type"": PEAK, ""min_heart_rate_bpm"": 180, ""max_heart_rate_bpm"": 220}",Fitbit App
2025-11-29T00:00:00Z,"{""heart_rate_zone_type"": LIGHT, ""min_heart_rate_bpm"": 30, ""max_heart_rate_bpm"": 116},{""heart_rate_zone_type"": MODERATE, ""min_heart_rate_bpm"": 117, ""max_heart_rate_bpm"": 144},{""heart_rate_zone_type"": VIGOROUS, ""min_heart_rate_bpm"": 145, ""max_heart_rate_bpm"": 179},{""heart_rate_zone_type"": PEAK, ""min_heart_rate_bpm"": 180, ""max_heart_rate_bpm"": 220}",Fitbit App
2025-11-30T00:00:00Z,"{""heart_rate_zone_type"": LIGHT, ""min_heart_rate_bpm"": 30, ""max_heart_rate_bpm"": 116},{""heart_rate_zone_type"": MODERATE, ""min_heart_rate_bpm"": 117, ""max_heart_rate_bpm"": 144},{""heart_rate_zone_type"": VIGOROUS, ""min_heart_rate_bpm"": 145, ""max_heart_rate_bpm"": 179},{""heart_rate_zone_type"": PEAK, ""min_heart_rate_bpm"": 180, ""max_heart_rate_bpm"": 220}",Fitbit App
2025-12-01T00:00:00Z,"{""heart_rate_zone_type"": LIGHT, ""min_heart_rate_bpm"": 30, ""max_heart_rate_bpm"": 116},{""heart_rate_zone_type"": MODERATE, ""min_heart_rate_bpm"": 117, ""max_heart_rate_bpm"": 144},{""heart_rate_zone_type"": VIGOROUS, ""min_heart_rate_bpm"": 145, ""max_heart_rate_bpm"": 179},{""heart_rate_zone_type"": PEAK, ""min_heart_rate_bpm"": 180, ""max_heart_rate_bpm"": 220}",Fitbit App
2025-12-02T00:00:00Z,"{""heart_rate_zone_type"": LIGHT, ""min_heart_rate_bpm"": 30, ""max_heart_rate_bpm"": 116},{""heart_rate_zone_type"": MODERATE, ""min_heart_rate_bpm"": 117, ""max_heart_rate_bpm"": 144},{""heart_rate_zone_type"": VIGOROUS, ""min_heart_rate_bpm"": 145, ""max_heart_rate_bpm"": 179},{""heart_rate_zone_type"": PEAK, ""min_heart_rate_bpm"": 180, ""max_heart_rate_bpm"": 220}",Fitbit App
2025-12-03T00:00:00Z,"{""heart_rate_zone_type"": LIGHT, ""min_heart_rate_bpm"": 30, ""max_heart_rate_bpm"": 116},{""heart_rate_zone_type"": MODERATE, ""min_heart_rate_bpm"": 117, ""max_heart_rate_bpm"": 144},{""heart_rate_zone_type"": VIGOROUS, ""min_heart_rate_bpm"": 145, ""max_heart_rate_bpm"": 179},{""heart_rate_zone_type"": PEAK, ""min_heart_rate_bpm"": 180, ""max_heart_rate_bpm"": 220}",Fitbit App
2025-12-04T00:00:00Z,"{""heart_rate_zone_type"": LIGHT, ""min_heart_rate_bpm"": 30, ""max_heart_rate_bpm"": 116},{""heart_rate_zone_type"": MODERATE, ""min_heart_rate_bpm"": 117, ""max_heart_rate_bpm"": 144},{""heart_rate_zone_type"": VIGOROUS, ""min_heart_rate_bpm"": 145, ""max_heart_rate_bpm"": 179},{""heart_rate_zone_type"": PEAK, ""min_heart_rate_bpm"": 180, ""max_heart_rate_bpm"": 220}",Fitbit App
2025-12-05T00:00:00Z,"{""heart_rate_zone_type"": LIGHT, ""min_heart_rate_bpm"": 30, ""max_heart_rate_bpm"": 116},{""heart_rate_zone_type"": MODERATE, ""min_heart_rate_bpm"": 117, ""max_heart_rate_bpm"": 144},{""heart_rate_zone_type"": VIGOROUS, ""min_heart_rate_bpm"": 145, ""max_heart_rate_bpm"": 179},{""heart_rate_zone_type"": PEAK, ""min_heart_rate_bpm"": 180, ""max_heart_rate_bpm"": 220}",Fitbit App
2025-12-06T00:00:00Z,"{""heart_rate_zone_type"": LIGHT, ""min_heart_rate_bpm"": 30, ""max_heart_rate_bpm"": 116},{""heart_rate_zone_type"": MODERATE, ""min_heart_rate_bpm"": 117, ""max_heart_rate_bpm"": 144},{""heart_rate_zone_type"": VIGOROUS, ""min_heart_rate_bpm"": 145, ""max_heart_rate_bpm"": 179},{""heart_rate_zone_type"": PEAK, ""min_heart_rate_bpm"": 180, ""max_heart_rate_bpm"": 220}",Fitbit App
2025-12-07T00:00:00Z,"{""heart_rate_zone_type"": LIGHT, ""min_heart_rate_bpm"": 30, ""max_heart_rate_bpm"": 116},{""heart_rate_zone_type"": MODERATE, ""min_heart_rate_bpm"": 117, ""max_heart_rate_bpm"": 144},{""heart_rate_zone_type"": VIGOROUS, ""min_heart_rate_bpm"": 145, ""max_heart_rate_bpm"": 179},{""heart_rate_zone_type"": PEAK, ""min_heart_rate_bpm"": 180, ""max_heart_rate_bpm"": 220}",Fitbit App
2025-12-08T00:00:00Z,"{""heart_rate_zone_type"": LIGHT, ""min_heart_rate_bpm"": 30, ""max_heart_rate_bpm"": 116},{""heart_rate_zone_type"": MODERATE, ""min_heart_rate_bpm"": 117, ""max_heart_rate_bpm"": 144},{""heart_rate_zone_type"": VIGOROUS, ""min_heart_rate_bpm"": 145, ""max_heart_rate_bpm"": 179},{""heart_rate_zone_type"": PEAK, ""min_heart_rate_bpm"": 180, ""max_heart_rate_bpm"": 220}",Fitbit App
2025-12-09T00:00:00Z,"{""heart_rate_zone_type"": LIGHT, ""min_heart_rate_bpm"": 30, ""max_heart_rate_bpm"": 116},{""heart_rate_zone_type"": MODERATE, ""min_heart_rate_bpm"": 117, ""max_heart_rate_bpm"": 144},{""heart_rate_zone_type"": VIGOROUS, ""min_heart_rate_bpm"": 145, ""max_heart_rate_bpm"": 179},{""heart_rate_zone_type"": PEAK, ""min_heart_rate_bpm"": 180, ""max_heart_rate_bpm"": 220}",Fitbit App
2025-12-10T00:00:00Z,"{""heart_rate_zone_type"": LIGHT, ""min_heart_rate_bpm"": 30, ""max_heart_rate_bpm"": 116},{""heart_rate_zone_type"": MODERATE, ""min_heart_rate_bpm"": 117, ""max_heart_rate_bpm"": 144},{""heart_rate_zone_type"": VIGOROUS, ""min_heart_rate_bpm"": 145, ""max_heart_rate_bpm"": 179},{""heart_rate_zone_type"": PEAK, ""min_heart_rate_bpm"": 180, ""max_heart_rate_bpm"": 220}",Fitbit App
2025-12-11T00:00:00Z,"{""heart_rate_zone_type"": LIGHT, ""min_heart_rate_bpm"": 30, ""max_heart_rate_bpm"": 116},{""heart_rate_zone_type"": MODERATE, ""min_heart_rate_bpm"": 117, ""max_heart_rate_bpm"": 144},{""heart_rate_zone_type"": VIGOROUS, ""min_heart_rate_bpm"": 145, ""max_heart_rate_bpm"": 179},{""heart_rate_zone_type"": PEAK, ""min_heart_rate_bpm"": 180, ""max_heart_rate_bpm"": 220}",Fitbit App
2025-12-12T00:00:00Z,"{""heart_rate_zone_type"": LIGHT, ""min_heart_rate_bpm"": 30, ""max_heart_rate_bpm"": 116},{""heart_rate_zone_type"": MODERATE, ""min_heart_rate_bpm"": 117, ""max_heart_rate_bpm"": 144},{""heart_rate_zone_type"": VIGOROUS, ""min_heart_rate_bpm"": 145, ""max_heart_rate_bpm"": 179},{""heart_rate_zone_type"": PEAK, ""min_heart_rate_bpm"": 180, ""max_heart_rate_bpm"": 220}",Fitbit App
2025-12-13T00:00:00Z,"{""heart_rate_zone_type"": LIGHT, ""min_heart_rate_bpm"": 30, ""max_heart_rate_bpm"": 116},{""heart_rate_zone_type"": MODERATE, ""min_heart_rate_bpm"": 117, ""max_heart_rate_bpm"": 144},{""heart_rate_zone_type"": VIGOROUS, ""min_heart_rate_bpm"": 145, ""max_heart_rate_bpm"": 179},{""heart_rate_zone_type"": PEAK, ""min_heart_rate_bpm"": 180, ""max_heart_rate_bpm"": 220}",Fitbit App
2025-12-14T00:00:00Z,"{""heart_rate_zone_type"": LIGHT, ""min_heart_rate_bpm"": 30, ""max_heart_rate_bpm"": 116},{""heart_rate_zone_type"": MODERATE, ""min_heart_rate_bpm"": 117, ""max_heart_rate_bpm"": 144},{""heart_rate_zone_type"": VIGOROUS, ""min_heart_rate_bpm"": 145, ""max_heart_rate_bpm"": 179},{""heart_rate_zone_type"": PEAK, ""min_heart_rate_bpm"": 180, ""max_heart_rate_bpm"": 220}",Fitbit App
2025-12-15T00:00:00Z,"{""heart_rate_zone_type"": LIGHT, ""min_heart_rate_bpm"": 30, ""max_heart_rate_bpm"": 115},{""heart_rate_zone_type"": MODERATE, ""min_heart_rate_bpm"": 116, ""max_heart_rate_bpm"": 143},{""heart_rate_zone_type"": VIGOROUS, ""min_heart_rate_bpm"": 144, ""max_heart_rate_bpm"": 178},{""heart_rate_zone_type"": PEAK, ""min_heart_rate_bpm"": 179, ""max_heart_rate_bpm"": 220}",Fitbit App
2025-12-16T00:00:00Z,"{""heart_rate_zone_type"": LIGHT, ""min_heart_rate_bpm"": 30, ""max_heart_rate_bpm"": 115},{""heart_rate_zone_type"": MODERATE, ""min_heart_rate_bpm"": 116, ""max_heart_rate_bpm"": 143},{""heart_rate_zone_type"": VIGOROUS, ""min_heart_rate_bpm"": 144, ""max_heart_rate_bpm"": 178},{""heart_rate_zone_type"": PEAK, ""min_heart_rate_bpm"": 179, ""max_heart_rate_bpm"": 220}",Fitbit App
2025-12-17T00:00:00Z,"{""heart_rate_zone_type"": LIGHT, ""min_heart_rate_bpm"": 30, ""max_heart_rate_bpm"": 116},{""heart_rate_zone_type"": MODERATE, ""min_heart_rate_bpm"": 117, ""max_heart_rate_bpm"": 144},{""heart_rate_zone_type"": VIGOROUS, ""min_heart_rate_bpm"": 145, ""max_heart_rate_bpm"": 179},{""heart_rate_zone_type"": PEAK, ""min_heart_rate_bpm"": 180, ""max_heart_rate_bpm"": 220}",Fitbit App
2025-12-18T00:00:00Z,"{""heart_rate_zone_type"": LIGHT, ""min_heart_rate_bpm"": 30, ""max_heart_rate_bpm"": 116},{""heart_rate_zone_type"": MODERATE, ""min_heart_rate_bpm"": 117, ""max_heart_rate_bpm"": 144},{""heart_rate_zone_type"": VIGOROUS, ""min_heart_rate_bpm"": 145, ""max_heart_rate_bpm"": 179},{""heart_rate_zone_type"": PEAK, ""min_heart_rate_bpm"": 180, ""max_heart_rate_bpm"": 220}",Fitbit App
2025-12-19T00:00:00Z,"{""heart_rate_zone_type"": LIGHT, ""min_heart_rate_bpm"": 30, ""max_heart_rate_bpm"": 116},{""heart_rate_zone_type"": MODERATE, ""min_heart_rate_bpm"": 117, ""max_heart_rate_bpm"": 144},{""heart_rate_zone_type"": VIGOROUS, ""min_heart_rate_bpm"": 145, ""max_heart_rate_bpm"": 179},{""heart_rate_zone_type"": PEAK, ""min_heart_rate_bpm"": 180, ""max_heart_rate_bpm"": 220}",Fitbit App
2025-12-20T00:00:00Z,"{""heart_rate_zone_type"": LIGHT, ""min_heart_rate_bpm"": 30, ""max_heart_rate_bpm"": 117},{""heart_rate_zone_type"": MODERATE, ""min_heart_rate_bpm"": 118, ""max_heart_rate_bpm"": 144},{""heart_rate_zone_type"": VIGOROUS, ""min_heart_rate_bpm"": 145, ""max_heart_rate_bpm"": 179},{""heart_rate_zone_type"": PEAK, ""min_heart_rate_bpm"": 180, ""max_heart_rate_bpm"": 220}",Fitbit App
2025-12-21T00:00:00Z,"{""heart_rate_zone_type"": LIGHT, ""min_heart_rate_bpm"": 30, ""max_heart_rate_bpm"": 116},{""heart_rate_zone_type"": MODERATE, ""min_heart_rate_bpm"": 117, ""max_heart_rate_bpm"": 144},{""heart_rate_zone_type"": VIGOROUS, ""min_heart_rate_bpm"": 145, ""max_heart_rate_bpm"": 179},{""heart_rate_zone_type"": PEAK, ""min_heart_rate_bpm"": 180, ""max_heart_rate_bpm"": 220}",Fitbit App
2025-12-22T00:00:00Z,"{""heart_rate_zone_type"": LIGHT, ""min_heart_rate_bpm"": 30, ""max_heart_rate_bpm"": 116},{""heart_rate_zone_type"": MODERATE, ""min_heart_rate_bpm"": 117, ""max_heart_rate_bpm"": 144},{""heart_rate_zone_type"": VIGOROUS, ""min_heart_rate_bpm"": 145, ""max_heart_rate_bpm"": 179},{""heart_rate_zone_type"": PEAK, ""min_heart_rate_bpm"": 180, ""max_heart_rate_bpm"": 220}",Fitbit App
2025-12-23T00:00:00Z,"{""heart_rate_zone_type"": LIGHT, ""min_heart_rate_bpm"": 30, ""max_heart_rate_bpm"": 116},{""heart_rate_zone_type"": MODERATE, ""min_heart_rate_bpm"": 117, ""max_heart_rate_bpm"": 144},{""heart_rate_zone_type"": VIGOROUS, ""min_heart_rate_bpm"": 145, ""max_heart_rate_bpm"": 179},{""heart_rate_zone_type"": PEAK, ""min_heart_rate_bpm"": 180, ""max_heart_rate_bpm"": 220}",Fitbit App
2025-12-24T00:00:00Z,"{""heart_rate_zone_type"": LIGHT, ""min_heart_rate_bpm"": 30, ""max_heart_rate_bpm"": 117},{""heart_rate_zone_type"": MODERATE, ""min_heart_rate_bpm"": 118, ""max_heart_rate_bpm"": 144},{""heart_rate_zone_type"": VIGOROUS, ""min_heart_rate_bpm"": 145, ""max_heart_rate_bpm"": 179},{""heart_rate_zone_type"": PEAK, ""min_heart_rate_bpm"": 180, ""max_heart_rate_bpm"": 220}",Fitbit App
2025-12-25T00:00:00Z,"{""heart_rate_zone_type"": LIGHT, ""min_heart_rate_bpm"": 30, ""max_heart_rate_bpm"": 115},{""heart_rate_zone_type"": MODERATE, ""min_heart_rate_bpm"": 116, ""max_heart_rate_bpm"": 143},{""heart_rate_zone_type"": VIGOROUS, ""min_heart_rate_bpm"": 144, ""max_heart_rate_bpm"": 178},{""heart_rate_zone_type"": PEAK, ""min_heart_rate_bpm"": 179, ""max_heart_rate_bpm"": 220}",Fitbit App
2025-12-26T00:00:00Z,"{""heart_rate_zone_type"": LIGHT, ""min_heart_rate_bpm"": 30, ""max_heart_rate_bpm"": 115},{""heart_rate_zone_type"": MODERATE, ""min_heart_rate_bpm"": 116, ""max_heart_rate_bpm"": 143},{""heart_rate_zone_type"": VIGOROUS, ""min_heart_rate_bpm"": 144, ""max_heart_rate_bpm"": 178},{""heart_rate_zone_type"": PEAK, ""min_heart_rate_bpm"": 179, ""max_heart_rate_bpm"": 220}",Fitbit App
2025-12-27T00:00:00Z,"{""heart_rate_zone_type"": LIGHT, ""min_heart_rate_bpm"": 30, ""max_heart_rate_bpm"": 115},{""heart_rate_zone_type"": MODERATE, ""min_heart_rate_bpm"": 116, ""max_heart_rate_bpm"": 143},{""heart_rate_zone_type"": VIGOROUS, ""min_heart_rate_bpm"": 144, ""max_heart_rate_bpm"": 178},{""heart_rate_zone_type"": PEAK, ""min_heart_rate_bpm"": 179, ""max_heart_rate_bpm"": 220}",Fitbit App
2025-12-28T00:00:00Z,"{""heart_rate_zone_type"": LIGHT, ""min_heart_rate_bpm"": 30, ""max_heart_rate_bpm"": 116},{""heart_rate_zone_type"": MODERATE, ""min_heart_rate_bpm"": 117, ""max_heart_rate_bpm"": 144},{""heart_rate_zone_type"": VIGOROUS, ""min_heart_rate_bpm"": 145, ""max_heart_rate_bpm"": 179},{""heart_rate_zone_type"": PEAK, ""min_heart_rate_bpm"": 180, ""max_heart_rate_bpm"": 220}",Fitbit App
2025-12-29T00:00:00Z,"{""heart_rate_zone_type"": LIGHT, ""min_heart_rate_bpm"": 30, ""max_heart_rate_bpm"": 114},{""heart_rate_zone_type"": MODERATE, ""min_heart_rate_bpm"": 115, ""max_heart_rate_bpm"": 143},{""heart_rate_zone_type"": VIGOROUS, ""min_heart_rate_bpm"": 144, ""max_heart_rate_bpm"": 178},{""heart_rate_zone_type"": PEAK, ""min_heart_rate_bpm"": 179, ""max_heart_rate_bpm"": 220}",Fitbit App
2025-12-30T00:00:00Z,"{""heart_rate_zone_type"": LIGHT, ""min_heart_rate_bpm"": 30, ""max_heart_rate_bpm"": 114},{""heart_rate_zone_type"": MODERATE, ""min_heart_rate_bpm"": 115, ""max_heart_rate_bpm"": 142},{""heart_rate_zone_type"": VIGOROUS, ""min_heart_rate_bpm"": 143, ""max_heart_rate_bpm"": 178},{""heart_rate_zone_type"": PEAK, ""min_heart_rate_bpm"": 179, ""max_heart_rate_bpm"": 220}",Fitbit App
2025-12-31T00:00:00Z,"{""heart_rate_zone_type"": LIGHT, ""min_heart_rate_bpm"": 30, ""max_heart_rate_bpm"": 114},{""heart_rate_zone_type"": MODERATE, ""min_heart_rate_bpm"": 115, ""max_heart_rate_bpm"": 142},{""heart_rate_zone_type"": VIGOROUS, ""min_heart_rate_bpm"": 143, ""max_heart_rate_bpm"": 178},{""heart_rate_zone_type"": PEAK, ""min_heart_rate_bpm"": 179, ""max_heart_rate_bpm"": 220}",Fitbit App
2026-01-01T00:00:00Z,"{""heart_rate_zone_type"": LIGHT, ""min_heart_rate_bpm"": 30, ""max_heart_rate_bpm"": 114},{""heart_rate_zone_type"": MODERATE, ""min_heart_rate_bpm"": 115, ""max_heart_rate_bpm"": 142},{""heart_rate_zone_type"": VIGOROUS, ""min_heart_rate_bpm"": 143, ""max_heart_rate_bpm"": 178},{""heart_rate_zone_type"": PEAK, ""min_heart_rate_bpm"": 179, ""max_heart_rate_bpm"": 220}",Fitbit App
2026-01-02T00:00:00Z,"{""heart_rate_zone_type"": LIGHT, ""min_heart_rate_bpm"": 30, ""max_heart_rate_bpm"": 114},{""heart_rate_zone_type"": MODERATE, ""min_heart_rate_bpm"": 115, ""max_heart_rate_bpm"": 142},{""heart_rate_zone_type"": VIGOROUS, ""min_heart_rate_bpm"": 143, ""max_heart_rate_bpm"": 178},{""heart_rate_zone_type"": PEAK, ""min_heart_rate_bpm"": 179, ""max_heart_rate_bpm"": 220}",Fitbit App
2026-01-03T00:00:00Z,"{""heart_rate_zone_type"": LIGHT, ""min_heart_rate_bpm"": 30, ""max_heart_rate_bpm"": 115},{""heart_rate_zone_type"": MODERATE, ""min_heart_rate_bpm"": 116, ""max_heart_rate_bpm"": 143},{""heart_rate_zone_type"": VIGOROUS, ""min_heart_rate_bpm"": 144, ""max_heart_rate_bpm"": 178},{""heart_rate_zone_type"": PEAK, ""min_heart_rate_bpm"": 179, ""max_heart_rate_bpm"": 220}",Fitbit App
2026-01-04T00:00:00Z,"{""heart_rate_zone_type"": LIGHT, ""min_heart_rate_bpm"": 30, ""max_heart_rate_bpm"": 115},{""heart_rate_zone_type"": MODERATE, ""min_heart_rate_bpm"": 116, ""max_heart_rate_bpm"": 143},{""heart_rate_zone_type"": VIGOROUS, ""min_heart_rate_bpm"": 144, ""max_heart_rate_bpm"": 178},{""heart_rate_zone_type"": PEAK, ""min_heart_rate_bpm"": 179, ""max_heart_rate_bpm"": 220}",Fitbit App
2026-01-05T00:00:00Z,"{""heart_rate_zone_type"": LIGHT, ""min_heart_rate_bpm"": 30, ""max_heart_rate_bpm"": 114},{""heart_rate_zone_type"": MODERATE, ""min_heart_rate_bpm"": 115, ""max_heart_rate_bpm"": 142},{""heart_rate_zone_type"": VIGOROUS, ""min_heart_rate_bpm"": 143, ""max_heart_rate_bpm"": 178},{""heart_rate_zone_type"": PEAK, ""min_heart_rate_bpm"": 179, ""max_heart_rate_bpm"": 220}",Fitbit App
2026-01-06T00:00:00Z,"{""heart_rate_zone_type"": LIGHT, ""min_heart_rate_bpm"": 30, ""max_heart_rate_bpm"": 114},{""heart_rate_zone_type"": MODERATE, ""min_heart_rate_bpm"": 115, ""max_heart_rate_bpm"": 142},{""heart_rate_zone_type"": VIGOROUS, ""min_heart_rate_bpm"": 143, ""max_heart_rate_bpm"": 178},{""heart_rate_zone_type"": PEAK, ""min_heart_rate_bpm"": 179, ""max_heart_rate_bpm"": 220}",Fitbit App
2026-01-07T00:00:00Z,"{""heart_rate_zone_type"": LIGHT, ""min_heart_rate_bpm"": 30, ""max_heart_rate_bpm"": 114},{""heart_rate_zone_type"": MODERATE, ""min_heart_rate_bpm"": 115, ""max_heart_rate_bpm"": 142},{""heart_rate_zone_type"": VIGOROUS, ""min_heart_rate_bpm"": 143, ""max_heart_rate_bpm"": 178},{""heart_rate_zone_type"": PEAK, ""min_heart_rate_bpm"": 179, ""max_heart_rate_bpm"": 220}",Fitbit App
2026-01-08T00:00:00Z,"{""heart_rate_zone_type"": LIGHT, ""min_heart_rate_bpm"": 30, ""max_heart_rate_bpm"": 116},{""heart_rate_zone_type"": MODERATE, ""min_heart_rate_bpm"": 117, ""max_heart_rate_bpm"": 144},{""heart_rate_zone_type"": VIGOROUS, ""min_heart_rate_bpm"": 145, ""max_heart_rate_bpm"": 179},{""heart_rate_zone_type"": PEAK, ""min_heart_rate_bpm"": 180, ""max_heart_rate_bpm"": 220}",Fitbit App
2026-01-09T00:00:00Z,"{""heart_rate_zone_type"": LIGHT, ""min_heart_rate_bpm"": 30, ""max_heart_rate_bpm"": 116},{""heart_rate_zone_type"": MODERATE, ""min_heart_rate_bpm"": 117, ""max_heart_rate_bpm"": 144},{""heart_rate_zone_type"": VIGOROUS, ""min_heart_rate_bpm"": 145, ""max_heart_rate_bpm"": 179},{""heart_rate_zone_type"": PEAK, ""min_heart_rate_bpm"": 180, ""max_heart_rate_bpm"": 220}",Fitbit App
2026-01-10T00:00:00Z,"{""heart_rate_zone_type"": LIGHT, ""min_heart_rate_bpm"": 30, ""max_heart_rate_bpm"": 117},{""heart_rate_zone_type"": MODERATE, ""min_heart_rate_bpm"": 118, ""max_heart_rate_bpm"": 145},{""heart_rate_zone_type"": VIGOROUS, ""min_heart_rate_bpm"": 146, ""max_heart_rate_bpm"": 179},{""heart_rate_zone_type"": PEAK, ""min_heart_rate_bpm"": 180, ""max_heart_rate_bpm"": 220}",Fitbit App
2026-01-11T00:00:00Z,"{""heart_rate_zone_type"": LIGHT, ""min_heart_rate_bpm"": 30, ""max_heart_rate_bpm"": 118},{""heart_rate_zone_type"": MODERATE, ""min_heart_rate_bpm"": 119, ""max_heart_rate_bpm"": 145},{""heart_rate_zone_type"": VIGOROUS, ""min_heart_rate_bpm"": 146, ""max_heart_rate_bpm"": 179},{""heart_rate_zone_type"": PEAK, ""min_heart_rate_bpm"": 180, ""max_heart_rate_bpm"": 220}",Fitbit App
2026-01-12T00:00:00Z,"{""heart_rate_zone_type"": LIGHT, ""min_heart_rate_bpm"": 30, ""max_heart_rate_bpm"": 117},{""heart_rate_zone_type"": MODERATE, ""min_heart_rate_bpm"": 118, ""max_heart_rate_bpm"": 145},{""heart_rate_zone_type"": VIGOROUS, ""min_heart_rate_bpm"": 146, ""max_heart_rate_bpm"": 179},{""heart_rate_zone_type"": PEAK, ""min_heart_rate_bpm"": 180, ""max_heart_rate_bpm"": 220}",Fitbit App
2026-01-13T00:00:00Z,"{""heart_rate_zone_type"": LIGHT, ""min_heart_rate_bpm"": 30, ""max_heart_rate_bpm"": 117},{""heart_rate_zone_type"": MODERATE, ""min_heart_rate_bpm"": 118, ""max_heart_rate_bpm"": 144},{""heart_rate_zone_type"": VIGOROUS, ""min_heart_rate_bpm"": 145, ""max_heart_rate_bpm"": 179},{""heart_rate_zone_type"": PEAK, ""min_heart_rate_bpm"": 180, ""max_heart_rate_bpm"": 220}",Fitbit App
2026-01-14T00:00:00Z,"{""heart_rate_zone_type"": LIGHT, ""min_heart_rate_bpm"": 30, ""max_heart_rate_bpm"": 116},{""heart_rate_zone_type"": MODERATE, ""min_heart_rate_bpm"": 117, ""max_heart_rate_bpm"": 144},{""heart_rate_zone_type"": VIGOROUS, ""min_heart_rate_bpm"": 145, ""max_heart_rate_bpm"": 179},{""heart_rate_zone_type"": PEAK, ""min_heart_rate_bpm"": 180, ""max_heart_rate_bpm"": 220}",Fitbit App
2026-01-15T00:00:00Z,"{""heart_rate_zone_type"": LIGHT, ""min_heart_rate_bpm"": 30, ""max_heart_rate_bpm"": 116},{""heart_rate_zone_type"": MODERATE, ""min_heart_rate_bpm"": 117, ""max_heart_rate_bpm"": 144},{""heart_rate_zone_type"": VIGOROUS, ""min_heart_rate_bpm"": 145, ""max_heart_rate_bpm"": 179},{""heart_rate_zone_type"": PEAK, ""min_heart_rate_bpm"": 180, ""max_heart_rate_bpm"": 220}",Fitbit App
2026-01-16T00:00:00Z,"{""heart_rate_zone_type"": LIGHT, ""min_heart_rate_bpm"": 30, ""max_heart_rate_bpm"": 116},{""heart_rate_zone_type"": MODERATE, ""min_heart_rate_bpm"": 117, ""max_heart_rate_bpm"": 144},{""heart_rate_zone_type"": VIGOROUS, ""min_heart_rate_bpm"": 145, ""max_heart_rate_bpm"": 179},{""heart_rate_zone_type"": PEAK, ""min_heart_rate_bpm"": 180, ""max_heart_rate_bpm"": 220}",Fitbit App
2026-01-17T00:00:00Z,"{""heart_rate_zone_type"": LIGHT, ""min_heart_rate_bpm"": 30, ""max_heart_rate_bpm"": 117},{""heart_rate_zone_type"": MODERATE, ""min_heart_rate_bpm"": 118, ""max_heart_rate_bpm"": 145},{""heart_rate_zone_type"": VIGOROUS, ""min_heart_rate_bpm"": 146, ""max_heart_rate_bpm"": 179},{""heart_rate_zone_type"": PEAK, ""min_heart_rate_bpm"": 180, ""max_heart_rate_bpm"": 220}",Fitbit App
2026-01-18T00:00:00Z,"{""heart_rate_zone_type"": LIGHT, ""min_heart_rate_bpm"": 30, ""max_heart_rate_bpm"": 119},{""heart_rate_zone_type"": MODERATE, ""min_heart_rate_bpm"": 120, ""max_heart_rate_bpm"": 146},{""heart_rate_zone_type"": VIGOROUS, ""min_heart_rate_bpm"": 147, ""max_heart_rate_bpm"": 179},{""heart_rate_zone_type"": PEAK, ""min_heart_rate_bpm"": 180, ""max_heart_rate_bpm"": 220}",Fitbit App
2026-01-19T00:00:00Z,"{""heart_rate_zone_type"": LIGHT, ""min_heart_rate_bpm"": 30, ""max_heart_rate_bpm"": 120},{""heart_rate_zone_type"": MODERATE, ""min_heart_rate_bpm"": 121, ""max_heart_rate_bpm"": 146},{""heart_rate_zone_type"": VIGOROUS, ""min_heart_rate_bpm"": 147, ""max_heart_rate_bpm"": 180},{""heart_rate_zone_type"": PEAK, ""min_heart_rate_bpm"": 181, ""max_heart_rate_bpm"": 220}",Fitbit App
2026-01-20T00:00:00Z,"{""heart_rate_zone_type"": LIGHT, ""min_heart_rate_bpm"": 30, ""max_heart_rate_bpm"": 119},{""heart_rate_zone_type"": MODERATE, ""min_heart_rate_bpm"": 120, ""max_heart_rate_bpm"": 146},{""heart_rate_zone_type"": VIGOROUS, ""min_heart_rate_bpm"": 147, ""max_heart_rate_bpm"": 179},{""heart_rate_zone_type"": PEAK, ""min_heart_rate_bpm"": 180, ""max_heart_rate_bpm"": 220}",Fitbit App
2026-01-21T00:00:00Z,"{""heart_rate_zone_type"": LIGHT, ""min_heart_rate_bpm"": 30, ""max_heart_rate_bpm"": 117},{""heart_rate_zone_type"": MODERATE, ""min_heart_rate_bpm"": 118, ""max_heart_rate_bpm"": 145},{""heart_rate_zone_type"": VIGOROUS, ""min_heart_rate_bpm"": 146, ""max_heart_rate_bpm"": 179},{""heart_rate_zone_type"": PEAK, ""min_heart_rate_bpm"": 180, ""max_heart_rate_bpm"": 220}",Fitbit App
2026-01-22T00:00:00Z,"{""heart_rate_zone_type"": LIGHT, ""min_heart_rate_bpm"": 30, ""max_heart_rate_bpm"": 116},{""heart_rate_zone_type"": MODERATE, ""min_heart_rate_bpm"": 117, ""max_heart_rate_bpm"": 144},{""heart_rate_zone_type"": VIGOROUS, ""min_heart_rate_bpm"": 145, ""max_heart_rate_bpm"": 179},{""heart_rate_zone_type"": PEAK, ""min_heart_rate_bpm"": 180, ""max_heart_rate_bpm"": 220}",Fitbit App
2026-01-23T00:00:00Z,"{""heart_rate_zone_type"": LIGHT, ""min_heart_rate_bpm"": 30, ""max_heart_rate_bpm"": 116},{""heart_rate_zone_type"": MODERATE, ""min_heart_rate_bpm"": 117, ""max_heart_rate_bpm"": 144},{""heart_rate_zone_type"": VIGOROUS, ""min_heart_rate_bpm"": 145, ""max_heart_rate_bpm"": 179},{""heart_rate_zone_type"": PEAK, ""min_heart_rate_bpm"": 180, ""max_heart_rate_bpm"": 220}",Fitbit App
2026-01-24T00:00:00Z,"{""heart_rate_zone_type"": LIGHT, ""min_heart_rate_bpm"": 30, ""max_heart_rate_bpm"": 117},{""heart_rate_zone_type"": MODERATE, ""min_heart_rate_bpm"": 118, ""max_heart_rate_bpm"": 144},{""heart_rate_zone_type"": VIGOROUS, ""min_heart_rate_bpm"": 145, ""max_heart_rate_bpm"": 179},{""heart_rate_zone_type"": PEAK, ""min_heart_rate_bpm"": 180, ""max_heart_rate_bpm"": 220}",Fitbit App
2026-01-25T00:00:00Z,"{""heart_rate_zone_type"": LIGHT, ""min_heart_rate_bpm"": 30, ""max_heart_rate_bpm"": 116},{""heart_rate_zone_type"": MODERATE, ""min_heart_rate_bpm"": 117, ""max_heart_rate_bpm"": 144},{""heart_rate_zone_type"": VIGOROUS, ""min_heart_rate_bpm"": 145, ""max_heart_rate_bpm"": 179},{""heart_rate_zone_type"": PEAK, ""min_heart_rate_bpm"": 180, ""max_heart_rate_bpm"": 220}",Fitbit App
2026-01-26T00:00:00Z,"{""heart_rate_zone_type"": LIGHT, ""min_heart_rate_bpm"": 30, ""max_heart_rate_bpm"": 117},{""heart_rate_zone_type"": MODERATE, ""min_heart_rate_bpm"": 118, ""max_heart_rate_bpm"": 145},{""heart_rate_zone_type"": VIGOROUS, ""min_heart_rate_bpm"": 146, ""max_heart_rate_bpm"": 179},{""heart_rate_zone_type"": PEAK, ""min_heart_rate_bpm"": 180, ""max_heart_rate_bpm"": 220}",Fitbit App
2026-01-27T00:00:00Z,"{""heart_rate_zone_type"": LIGHT, ""min_heart_rate_bpm"": 30, ""max_heart_rate_bpm"": 117},{""heart_rate_zone_type"": MODERATE, ""min_heart_rate_bpm"": 118, ""max_heart_rate_bpm"": 145},{""heart_rate_zone_type"": VIGOROUS, ""min_heart_rate_bpm"": 146, ""max_heart_rate_bpm"": 179},{""heart_rate_zone_type"": PEAK, ""min_heart_rate_bpm"": 180, ""max_heart_rate_bpm"": 220}",Fitbit App
2026-01-28T00:00:00Z,"{""heart_rate_zone_type"": LIGHT, ""min_heart_rate_bpm"": 30, ""max_heart_rate_bpm"": 116},{""heart_rate_zone_type"": MODERATE, ""min_heart_rate_bpm"": 117, ""max_heart_rate_bpm"": 144},{""heart_rate_zone_type"": VIGOROUS, ""min_heart_rate_bpm"": 145, ""max_heart_rate_bpm"": 179},{""heart_rate_zone_type"": PEAK, ""min_heart_rate_bpm"": 180, ""max_heart_rate_bpm"": 220}",Fitbit App
2026-01-29T00:00:00Z,"{""heart_rate_zone_type"": LIGHT, ""min_heart_rate_bpm"": 30, ""max_heart_rate_bpm"": 117},{""heart_rate_zone_type"": MODERATE, ""min_heart_rate_bpm"": 118, ""max_heart_rate_bpm"": 144},{""heart_rate_zone_type"": VIGOROUS, ""min_heart_rate_bpm"": 145, ""max_heart_rate_bpm"": 179},{""heart_rate_zone_type"": PEAK, ""min_heart_rate_bpm"": 180, ""max_heart_rate_bpm"": 220}",Fitbit App
2026-01-30T00:00:00Z,"{""heart_rate_zone_type"": LIGHT, ""min_heart_rate_bpm"": 30, ""max_heart_rate_bpm"": 116},{""heart_rate_zone_type"": MODERATE, ""min_heart_rate_bpm"": 117, ""max_heart_rate_bpm"": 144},{""heart_rate_zone_type"": VIGOROUS, ""min_heart_rate_bpm"": 145, ""max_heart_rate_bpm"": 179},{""heart_rate_zone_type"": PEAK, ""min_heart_rate_bpm"": 180, ""max_heart_rate_bpm"": 220}",Fitbit App
2026-01-31T00:00:00Z,"{""heart_rate_zone_type"": LIGHT, ""min_heart_rate_bpm"": 30, ""max_heart_rate_bpm"": 115},{""heart_rate_zone_type"": MODERATE, ""min_heart_rate_bpm"": 116, ""max_heart_rate_bpm"": 143},{""heart_rate_zone_type"": VIGOROUS, ""min_heart_rate_bpm"": 144, ""max_heart_rate_bpm"": 178},{""heart_rate_zone_type"": PEAK, ""min_heart_rate_bpm"": 179, ""max_heart_rate_bpm"": 220}",Fitbit App
2026-02-01T00:00:00Z,"{""heart_rate_zone_type"": LIGHT, ""min_heart_rate_bpm"": 30, ""max_heart_rate_bpm"": 115},{""heart_rate_zone_type"": MODERATE, ""min_heart_rate_bpm"": 116, ""max_heart_rate_bpm"": 143},{""heart_rate_zone_type"": VIGOROUS, ""min_heart_rate_bpm"": 144, ""max_heart_rate_bpm"": 178},{""heart_rate_zone_type"": PEAK, ""min_heart_rate_bpm"": 179, ""max_heart_rate_bpm"": 220}",Fitbit App
2026-02-02T00:00:00Z,"{""heart_rate_zone_type"": LIGHT, ""min_heart_rate_bpm"": 30, ""max_heart_rate_bpm"": 115},{""heart_rate_zone_type"": MODERATE, ""min_heart_rate_bpm"": 116, ""max_heart_rate_bpm"": 143},{""heart_rate_zone_type"": VIGOROUS, ""min_heart_rate_bpm"": 144, ""max_heart_rate_bpm"": 178},{""heart_rate_zone_type"": PEAK, ""min_heart_rate_bpm"": 179, ""max_heart_rate_bpm"": 220}",Fitbit App
2026-02-03T00:00:00Z,"{""heart_rate_zone_type"": LIGHT, ""min_heart_rate_bpm"": 30, ""max_heart_rate_bpm"": 115},{""heart_rate_zone_type"": MODERATE, ""min_heart_rate_bpm"": 116, ""max_heart_rate_bpm"": 143},{""heart_rate_zone_type"": VIGOROUS, ""min_heart_rate_bpm"": 144, ""max_heart_rate_bpm"": 178},{""heart_rate_zone_type"": PEAK, ""min_heart_rate_bpm"": 179, ""max_heart_rate_bpm"": 220}",Fitbit App
2026-02-04T00:00:00Z,"{""heart_rate_zone_type"": LIGHT, ""min_heart_rate_bpm"": 30, ""max_heart_rate_bpm"": 115},{""heart_rate_zone_type"": MODERATE, ""min_heart_rate_bpm"": 116, ""max_heart_rate_bpm"": 143},{""heart_rate_zone_type"": VIGOROUS, ""min_heart_rate_bpm"": 144, ""max_heart_rate_bpm"": 178},{""heart_rate_zone_type"": PEAK, ""min_heart_rate_bpm"": 179, ""max_heart_rate_bpm"": 220}",Fitbit App
2026-02-05T00:00:00Z,"{""heart_rate_zone_type"": LIGHT, ""min_heart_rate_bpm"": 30, ""max_heart_rate_bpm"": 116},{""heart_rate_zone_type"": MODERATE, ""min_heart_rate_bpm"": 117, ""max_heart_rate_bpm"": 144},{""heart_rate_zone_type"": VIGOROUS, ""min_heart_rate_bpm"": 145, ""max_heart_rate_bpm"": 179},{""heart_rate_zone_type"": PEAK, ""min_heart_rate_bpm"": 180, ""max_heart_rate_bpm"": 220}",Fitbit App
2026-02-06T00:00:00Z,"{""heart_rate_zone_type"": LIGHT, ""min_heart_rate_bpm"": 30, ""max_heart_rate_bpm"": 116},{""heart_rate_zone_type"": MODERATE, ""min_heart_rate_bpm"": 117, ""max_heart_rate_bpm"": 144},{""heart_rate_zone_type"": VIGOROUS, ""min_heart_rate_bpm"": 145, ""max_heart_rate_bpm"": 179},{""heart_rate_zone_type"": PEAK, ""min_heart_rate_bpm"": 180, ""max_heart_rate_bpm"": 220}",Fitbit App
2026-02-07T00:00:00Z,"{""heart_rate_zone_type"": LIGHT, ""min_heart_rate_bpm"": 30, ""max_heart_rate_bpm"": 116},{""heart_rate_zone_type"": MODERATE, ""min_heart_rate_bpm"": 117, ""max_heart_rate_bpm"": 144},{""heart_rate_zone_type"": VIGOROUS, ""min_heart_rate_bpm"": 145, ""max_heart_rate_bpm"": 179},{""heart_rate_zone_type"": PEAK, ""min_heart_rate_bpm"": 180, ""max_heart_rate_bpm"": 220}",Fitbit App
2026-02-08T00:00:00Z,"{""heart_rate_zone_type"": LIGHT, ""min_heart_rate_bpm"": 30, ""max_heart_rate_bpm"": 116},{""heart_rate_zone_type"": MODERATE, ""min_heart_rate_bpm"": 117, ""max_heart_rate_bpm"": 144},{""heart_rate_zone_type"": VIGOROUS, ""min_heart_rate_bpm"": 145, ""max_heart_rate_bpm"": 179},{""heart_rate_zone_type"": PEAK, ""min_heart_rate_bpm"": 180, ""max_heart_rate_bpm"": 220}",Fitbit App
2026-02-09T00:00:00Z,"{""heart_rate_zone_type"": LIGHT, ""min_heart_rate_bpm"": 30, ""max_heart_rate_bpm"": 116},{""heart_rate_zone_type"": MODERATE, ""min_heart_rate_bpm"": 117, ""max_heart_rate_bpm"": 144},{""heart_rate_zone_type"": VIGOROUS, ""min_heart_rate_bpm"": 145, ""max_heart_rate_bpm"": 179},{""heart_rate_zone_type"": PEAK, ""min_heart_rate_bpm"": 180, ""max_heart_rate_bpm"": 220}",Fitbit App
2026-02-10T00:00:00Z,"{""heart_rate_zone_type"": LIGHT, ""min_heart_rate_bpm"": 30, ""max_heart_rate_bpm"": 116},{""heart_rate_zone_type"": MODERATE, ""min_heart_rate_bpm"": 117, ""max_heart_rate_bpm"": 144},{""heart_rate_zone_type"": VIGOROUS, ""min_heart_rate_bpm"": 145, ""max_heart_rate_bpm"": 179},{""heart_rate_zone_type"": PEAK, ""min_heart_rate_bpm"": 180, ""max_heart_rate_bpm"": 220}",Fitbit App
2026-02-11T00:00:00Z,"{""heart_rate_zone_type"": LIGHT, ""min_heart_rate_bpm"": 30, ""max_heart_rate_bpm"": 116},{""heart_rate_zone_type"": MODERATE, ""min_heart_rate_bpm"": 117, ""max_heart_rate_bpm"": 144},{""heart_rate_zone_type"": VIGOROUS, ""min_heart_rate_bpm"": 145, ""max_heart_rate_bpm"": 179},{""heart_rate_zone_type"": PEAK, ""min_heart_rate_bpm"": 180, ""max_heart_rate_bpm"": 220}",Fitbit App
2026-02-12T00:00:00Z,"{""heart_rate_zone_type"": LIGHT, ""min_heart_rate_bpm"": 30, ""max_heart_rate_bpm"": 116},{""heart_rate_zone_type"": MODERATE, ""min_heart_rate_bpm"": 117, ""max_heart_rate_bpm"": 144},{""heart_rate_zone_type"": VIGOROUS, ""min_heart_rate_bpm"": 145, ""max_heart_rate_bpm"": 179},{""heart_rate_zone_type"": PEAK, ""min_heart_rate_bpm"": 180, ""max_heart_rate_bpm"": 220}",Fitbit App
2026-02-13T00:00:00Z,"{""heart_rate_zone_type"": LIGHT, ""min_heart_rate_bpm"": 30, ""max_heart_rate_bpm"": 116},{""heart_rate_zone_type"": MODERATE, ""min_heart_rate_bpm"": 117, ""max_heart_rate_bpm"": 144},{""heart_rate_zone_type"": VIGOROUS, ""min_heart_rate_bpm"": 145, ""max_heart_rate_bpm"": 179},{""heart_rate_zone_type"": PEAK, ""min_heart_rate_bpm"": 180, ""max_heart_rate_bpm"": 220}",Fitbit App
2026-02-14T00:00:00Z,"{""heart_rate_zone_type"": LIGHT, ""min_heart_rate_bpm"": 30, ""max_heart_rate_bpm"": 116},{""heart_rate_zone_type"": MODERATE, ""min_heart_rate_bpm"": 117, ""max_heart_rate_bpm"": 144},{""heart_rate_zone_type"": VIGOROUS, ""min_heart_rate_bpm"": 145, ""max_heart_rate_bpm"": 179},{""heart_rate_zone_type"": PEAK, ""min_heart_rate_bpm"": 180, ""max_heart_rate_bpm"": 220}",Fitbit App
2026-02-15T00:00:00Z,"{""heart_rate_zone_type"": LIGHT, ""min_heart_rate_bpm"": 30, ""max_heart_rate_bpm"": 116},{""heart_rate_zone_type"": MODERATE, ""min_heart_rate_bpm"": 117, ""max_heart_rate_bpm"": 144},{""heart_rate_zone_type"": VIGOROUS, ""min_heart_rate_bpm"": 145, ""max_heart_rate_bpm"": 179},{""heart_rate_zone_type"": PEAK, ""min_heart_rate_bpm"": 180, ""max_heart_rate_bpm"": 220}",Fitbit App
2026-02-16T00:00:00Z,"{""heart_rate_zone_type"": LIGHT, ""min_heart_rate_bpm"": 30, ""max_heart_rate_bpm"": 117},{""heart_rate_zone_type"": MODERATE, ""min_heart_rate_bpm"": 118, ""max_heart_rate_bpm"": 144},{""heart_rate_zone_type"": VIGOROUS, ""min_heart_rate_bpm"": 145, ""max_heart_rate_bpm"": 179},{""heart_rate_zone_type"": PEAK, ""min_heart_rate_bpm"": 180, ""max_heart_rate_bpm"": 220}",Fitbit App
2026-02-17T00:00:00Z,"{""heart_rate_zone_type"": LIGHT, ""min_heart_rate_bpm"": 30, ""max_heart_rate_bpm"": 116},{""heart_rate_zone_type"": MODERATE, ""min_heart_rate_bpm"": 117, ""max_heart_rate_bpm"": 144},{""heart_rate_zone_type"": VIGOROUS, ""min_heart_rate_bpm"": 145, ""max_heart_rate_bpm"": 179},{""heart_rate_zone_type"": PEAK, ""min_heart_rate_bpm"": 180, ""max_heart_rate_bpm"": 220}",Fitbit App
2026-02-18T00:00:00Z,"{""heart_rate_zone_type"": LIGHT, ""min_heart_rate_bpm"": 30, ""max_heart_rate_bpm"": 116},{""heart_rate_zone_type"": MODERATE, ""min_heart_rate_bpm"": 117, ""max_heart_rate_bpm"": 144},{""heart_rate_zone_type"": VIGOROUS, ""min_heart_rate_bpm"": 145, ""max_heart_rate_bpm"": 179},{""heart_rate_zone_type"": PEAK, ""min_heart_rate_bpm"": 180, ""max_heart_rate_bpm"": 220}",Fitbit App
2026-02-19T00:00:00Z,"{""heart_rate_zone_type"": LIGHT, ""min_heart_rate_bpm"": 30, ""max_heart_rate_bpm"": 116},{""heart_rate_zone_type"": MODERATE, ""min_heart_rate_bpm"": 117, ""max_heart_rate_bpm"": 144},{""heart_rate_zone_type"": VIGOROUS, ""min_heart_rate_bpm"": 145, ""max_heart_rate_bpm"": 179},{""heart_rate_zone_type"": PEAK, ""min_heart_rate_bpm"": 180, ""max_heart_rate_bpm"": 220}",Fitbit App
2026-02-20T00:00:00Z,"{""heart_rate_zone_type"": LIGHT, ""min_heart_rate_bpm"": 30, ""max_heart_rate_bpm"": 117},{""heart_rate_zone_type"": MODERATE, ""min_heart_rate_bpm"": 118, ""max_heart_rate_bpm"": 144},{""heart_rate_zone_type"": VIGOROUS, ""min_heart_rate_bpm"": 145, ""max_heart_rate_bpm"": 179},{""heart_rate_zone_type"": PEAK, ""min_heart_rate_bpm"": 180, ""max_heart_rate_bpm"": 220}",Fitbit App
2026-02-21T00:00:00Z,"{""heart_rate_zone_type"": LIGHT, ""min_heart_rate_bpm"": 30, ""max_heart_rate_bpm"": 118},{""heart_rate_zone_type"": MODERATE, ""min_heart_rate_bpm"": 119, ""max_heart_rate_bpm"": 145},{""heart_rate_zone_type"": VIGOROUS, ""min_heart_rate_bpm"": 146, ""max_heart_rate_bpm"": 179},{""heart_rate_zone_type"": PEAK, ""min_heart_rate_bpm"": 180, ""max_heart_rate_bpm"": 220}",Fitbit App
